window,side,entry_price,exit_price,size,pnl_pct,leveraged_pnl_pct,net_pnl,exit_reason,hold_time
1,SHORT,121406.7,119770.0,9368.45703125,1.3481134072501741,5.392453629000697,467.7158699862537,MAX_HOLD,120
1,SHORT,119770.0,117051.4,9882.36114782404,2.269850546881528,9.079402187526112,857.7298696434702,MAX_HOLD,120
1,LONG,116590.1,117040.0,9217.46902069212,0.3858818201545364,1.5435272806181457,105.40427283414061,MAX_HOLD,120
1,LONG,117040.0,118143.3,10757.121920370113,0.9426691729323333,3.7706766917293333,362.5878012708223,MAX_HOLD,120
1,LONG,118143.3,119336.9,10671.507378502763,1.0102985103683335,4.041194041473334,388.5702908014298,MAX_HOLD,120
1,SHORT,119336.9,117865.1,11237.693532671063,1.2333150936550124,4.933260374620049,509.4339079378173,MAX_HOLD,120
1,LONG,117865.1,117801.9,11326.109463038681,-0.053620622219818795,-0.21448248887927518,-69.59695932167119,MAX_HOLD,120
1,LONG,117801.9,119503.9,11817.102011261346,1.4447984285482662,5.779193714193065,635.6648085895526,MAX_HOLD,120
1,LONG,119335.5,118851.9,9230.189882634206,-0.40524403886522103,-1.6209761554608841,-186.53993663180026,MAX_HOLD,120
1,SHORT,118851.9,117512.3,12029.642211615566,1.127117025474554,4.508468101898216,494.2340130367086,MAX_HOLD,120
1,LONG,117512.3,118221.2,12426.053577634942,0.6032559995847193,2.4130239983388773,250.13944056423804,MAX_HOLD,120
1,SHORT,118221.2,118162.5,12256.900975705417,0.049652684966822444,0.19861073986728978,-24.68408219017208,WINDOW_END,102
2,SHORT,118137.8,117758.8,9233.53125,0.3208117977480535,1.283247190992214,81.55490258739609,MAX_HOLD,120
2,LONG,117758.8,117979.5,8954.944680366607,0.18741699134162124,0.749667965366485,31.31257286353219,MAX_HOLD,120
2,LONG,117979.5,118070.7,9271.06241681808,0.07730156510240939,0.30920626040963756,-8.417544267985772,MAX_HOLD,120
2,SHORT,118070.7,118726.2,7575.222496833618,-0.5551758395605345,-2.220703358242138,-198.52411036883254,MAX_HOLD,120
2,SHORT,118864.8,117944.7,7591.27371004688,0.7740727280069506,3.0962909120278024,204.68282315114982,MAX_HOLD,120
2,SHORT,117944.7,117565.2,9050.135942218634,0.3217609608570796,1.2870438434283185,80.27867369734385,MAX_HOLD,120
2,LONG,117296.1,119401.1,8820.06934919536,1.794603571644752,7.178414286579008,597.8608408520344,MAX_HOLD,120
2,SHORT,119401.1,120027.0,10095.690137649473,-0.5241995258000087,-2.096798103200035,-252.06899986178502,MAX_HOLD,120
2,SHORT,120027.0,118323.5,9930.531788714079,1.4192639989335734,5.677055995734293,524.0397231646363,MAX_HOLD,120
2,SHORT,118323.5,118189.8,10366.747973881273,0.11299530524367273,0.4519812209746909,5.388762172192514,MAX_HOLD,120
2,LONG,118189.8,117883.7,9117.326998912815,-0.25899020050800137,-1.0359608020320055,-130.92124189746903,MAX_HOLD,120
2,LONG,117883.7,118059.5,4076.8687940617183,0.14913003239633885,0.5965201295853554,8.011867837115002,WINDOW_END,116
3,LONG,118016.7,118023.5,8355.5849609375,0.005761896409578399,0.023047585638313595,-31.496579793612284,MAX_HOLD,120
3,SHORT,118023.5,116241.1,9302.306759281388,1.510207712870737,6.040830851482948,524.7273895771282,MAX_HOLD,120
3,SHORT,116241.1,116714.2,7534.237235851393,-0.40699890142126255,-1.6279956056850502,-152.79400006495305,MAX_HOLD,120
3,LONG,116714.2,117322.0,9680.665403562773,0.5207592563715494,2.0830370254861976,162.9291830553943,MAX_HOLD,120
3,LONG,117322.0,118171.3,9915.801728530107,0.723905149929257,2.895620599717028,247.46079056429446,MAX_HOLD,120
3,LONG,118080.5,118180.7,9659.133051525208,0.08485736425573832,0.3394294570229533,-5.8505893361842,MAX_HOLD,120
3,SHORT,118180.7,117980.8,9255.223030257823,0.1691477542441314,0.6765910169765256,25.599115502835716,MAX_HOLD,120
3,LONG,117980.8,119712.2,10139.628789229293,1.467526919634376,5.870107678537504,554.6486129748309,MAX_HOLD,120
3,SHORT,119712.2,118786.4,10668.383567581204,0.7733547625054114,3.0934190500216454,287.344275338611,MAX_HOLD,120
3,SHORT,118786.4,117442.0,10901.482151135839,1.1317793956210427,4.527117582484171,449.9169866109008,MAX_HOLD,120
3,LONG,117442.0,118562.1,10651.15520094972,0.953747381686284,3.814989526745136,363.73583458980283,MAX_HOLD,120
3,SHORT,118562.1,118244.7,11256.469243796422,0.2677078088191831,1.0708312352767324,75.51191167670501,WINDOW_END,118
4,SHORT,118345.5,117729.8,9369.1171875,0.5202563680072306,2.0810254720289225,157.49724422884915,MAX_HOLD,120
4,LONG,117729.8,118279.4,9505.169942977953,0.4668316772813606,1.8673267091254424,139.4718973210791,MAX_HOLD,120
4,SHORT,118279.4,117155.9,9566.25155953733,0.9498695461762572,3.7994781847050287,325.2026348604761,MAX_HOLD,120
4,LONG,117155.9,118331.4,9634.008486670617,1.0033638937518299,4.0134555750073195,348.1206167582777,MAX_HOLD,120
4,LONG,118331.4,118417.5,7489.053514074208,0.07276175216384309,0.29104700865537236,-8.1595478269838,MAX_HOLD,120
4,SHORT,118417.5,115744.7,10169.0817168447,2.2570988240758356,9.028395296303342,877.4285685334713,MAX_HOLD,120
4,LONG,115552.9,114625.2,5502.839727435812,-0.8028357574755779,-3.2113430299023116,-198.72641894344858,STOP_LOSS,61
4,LONG,114625.2,114783.3,10021.012532288463,0.1379277855131383,0.5517111420525532,15.202992557964315,MAX_HOLD,120
4,LONG,114783.3,113751.6,11016.427303787177,-0.8988241320819292,-3.595296528327717,-440.1389376139558,STOP_LOSS,9
4,LONG,113751.6,112791.2,10566.883432797447,-0.8442958164984129,-3.3771832659936516,-399.13055276068076,STOP_LOSS,54
4,LONG,112791.2,113741.3,9995.865188575137,0.8423529495208897,3.3694117980835587,296.8184002300775,MAX_HOLD,120
4,LONG,113741.3,112805.6,10366.289444269361,-0.8226563262420925,-3.29062530496837,-382.58090141647,STOP_LOSS,86
4,LONG,112805.6,113076.7,9618.75925186431,0.2403249484068089,0.9612997936272356,53.990075830215005,MAX_HOLD,120
4,LONG,113076.7,113809.0,8836.770788148904,0.6476135225028702,2.5904540900114807,193.5654071539474,MAX_HOLD,120
4,LONG,113809.0,113747.2,9916.38935172816,-0.054301505153373564,-0.21720602061349426,-61.20455210634165,WINDOW_END,29
5,LONG,113677.5,114259.8,9290.6357421875,0.5122385696377937,2.0489542785511747,153.19833429366722,MAX_HOLD,120
5,LONG,114259.8,114424.9,9493.656223906584,0.14449526430117265,0.5779810572046906,16.89690971468785,MAX_HOLD,120
5,LONG,114424.9,114741.2,9583.559813656035,0.27642584787052726,1.105703391482109,67.63150662968712,MAX_HOLD,120
5,LONG,114741.2,114462.7,9593.105482109788,-0.24272013888646798,-0.9708805555458719,-131.51001772724817,MAX_HOLD,120
5,LONG,114462.7,113559.9,6191.260817167753,-0.7887285552411423,-3.154914220964569,-220.09401124650364,STOP_LOSS,95
5,LONG,113559.9,112677.6,9130.958064193772,-0.776946791957362,-3.107787167829448,-320.29457527567735,STOP_LOSS,6
5,LONG,112677.6,113716.2,8123.07101265159,0.9217448720952445,3.686979488380978,267.00367801247876,MAX_HOLD,120
5,LONG,113716.2,113995.8,8587.819810464089,0.2458752578788298,0.9835010315153192,50.110017178734886,MAX_HOLD,120
5,LONG,113995.8,115011.4,9241.047230807375,0.8909100159830372,3.563640063932149,292.3534725207145,MAX_HOLD,120
5,LONG,115011.4,114703.4,9406.111236978839,-0.2677995398716997,-1.0711981594867988,-138.38253539771364,MAX_HOLD,120
5,LONG,114703.4,116019.1,9221.037796906025,1.1470453360580521,4.588181344232209,386.1937847546187,MAX_HOLD,120
5,LONG,116147.2,116722.1,2165.4747080726634,0.4949753416354495,1.979901366541798,34.212364504957016,MAX_HOLD,120
5,LONG,116722.1,116472.7,9773.041851073447,-0.2136699048423638,-0.8546796193694552,-122.62036429786589,MAX_HOLD,120
5,LONG,116472.7,116667.9,9744.480113066364,0.16759292091622938,0.6703716836649175,26.34631494609058,WINDOW_END,18
6,LONG,116678.7,116669.7,9256.2763671875,-0.007713490122875898,-0.03085396049150359,-39.88103619071876,MAX_HOLD,120
6,LONG,116669.7,117751.0,9424.861332338058,0.9268044745122366,3.7072178980489463,311.7007008493787,MAX_HOLD,120
6,LONG,117185.5,116641.5,8958.166538149218,-0.4642212560427698,-1.8568850241710793,-202.1755190397945,MAX_HOLD,120
6,LONG,116641.5,118136.7,9490.045363643285,1.2818765190776844,5.127506076310738,448.6424712108817,MAX_HOLD,120
6,LONG,118136.7,118551.9,3410.4915610749454,0.3514572524880051,1.4058290099520203,34.30371350325733,MAX_HOLD,120
6,SHORT,118551.9,119742.7,8945.234578190335,-1.004454589087145,-4.01781835634858,-395.18421521373307,STOP_LOSS,100
6,SHORT,119742.7,120667.3,9586.26719046233,-0.7721556303641106,-3.0886225214564424,-334.4286761734586,STOP_LOSS,6
6,SHORT,120667.3,121580.2,9000.023118106226,-0.7565429905202106,-3.0261719620808423,-308.3562686533495,STOP_LOSS,6
6,SHORT,121580.2,120225.8,8911.36044154098,1.1139971804619455,4.455988721847782,361.4437744721069,MAX_HOLD,120
6,SHORT,120225.8,118676.4,9282.065284395207,1.2887416843972,5.1549667375888,441.3591168342693,MAX_HOLD,120
6,SHORT,118676.4,118728.8,9260.071133883122,-0.044153681776670624,-0.1766147271066825,-53.39493389852485,MAX_HOLD,120
6,SHORT,118728.8,119650.0,9613.490036775944,-0.7758858844694776,-3.1035435378779104,-336.8128089480003,STOP_LOSS,82
6,SHORT,119650.0,119475.2,8456.645698731321,0.14609277058086328,0.5843710823234531,15.591609203010677,MAX_HOLD,120
6,SHORT,119475.2,120374.9,9412.023972827457,-0.7530433094064686,-3.0121732376258743,-321.1545631197501,STOP_LOSS,106
6,SHORT,120374.9,121967.0,9119.702810925704,-1.3226179211779248,-5.290471684711699,-518.9541061855841,STOP_LOSS,44
6,SHORT,121967.0,121930.0,8525.00079799707,0.03033607451195815,0.1213442980478326,-23.755400815086613,WINDOW_END,6
7,SHORT,121525.5,122494.2,9240.923828125,-0.7971166545292939,-3.1884666181171757,-331.60746699152446,STOP_LOSS,60
7,SHORT,122494.2,123537.8,9156.192736562927,-0.8519587049835877,-3.407834819934351,-348.6526952031431,STOP_LOSS,40
7,SHORT,123537.8,121720.2,8753.202830196757,1.4712905685547304,5.885162274218922,480.1273794278154,MAX_HOLD,120
7,SHORT,121720.2,118004.1,9275.760687337539,3.05298545352373,12.21194181409492,1095.647455203001,MAX_HOLD,120
7,SHORT,118004.1,118891.3,6406.688610313718,-0.7518382835850594,-3.0073531343402378,-218.29850517094346,STOP_LOSS,104
7,SHORT,119038.1,118175.7,2225.8493624387934,0.724473928935365,2.89789571574146,55.59939586321721,MAX_HOLD,120
7,SHORT,118175.7,117148.0,9938.745853184759,0.8696373281478317,3.4785493125913267,305.9691921434184,MAX_HOLD,120
7,LONG,117148.0,117596.7,10207.745443006841,0.38301976986375963,1.5320790794550385,115.55975064430547,MAX_HOLD,120
7,LONG,117596.7,117662.7,7172.202371021361,0.056124023888425446,0.22449609555370179,-12.587495195932465,MAX_HOLD,120
7,LONG,117662.7,117988.7,10204.551865134152,0.27706316445228607,1.1082526578091443,72.27400980232525,MAX_HOLD,120
7,LONG,117988.7,118140.8,6794.9014463568865,0.12891064991817508,0.5156425996727003,7.857800677765013,MAX_HOLD,120
7,LONG,118140.8,117247.9,7040.570694218824,-0.7557930875700932,-3.023172350280373,-241.0108693064417,STOP_LOSS,104
7,LONG,117247.9,116260.2,10038.979860561001,-0.8424031475190576,-3.3696125900762306,-378.43064873892473,STOP_LOSS,18
7,LONG,116260.2,115304.2,8326.957076339026,-0.8222934417797321,-3.2891737671189283,-307.1959160595526,STOP_LOSS,13
7,LONG,115304.2,115269.9,6842.812094785797,-0.029747398620347667,-0.11898959448139067,-35.513482741852364,MAX_HOLD,120
7,LONG,115269.9,115140.0,8470.428893992465,-0.11269203842459669,-0.45076815369838674,-72.06371151175438,WINDOW_END,18
8,LONG,115364.2,116077.3,8009.61083984375,0.6181293676894616,2.4725174707578463,166.00058283580802,MAX_HOLD,120
8,LONG,116077.3,115182.5,9444.193537120718,-0.7708656214436439,-3.0834624857745756,-328.9849389495472,STOP_LOSS,38
8,LONG,115182.5,115437.3,8723.657116258317,0.22121416013717612,0.8848566405487045,42.29723082687807,MAX_HOLD,120
8,LONG,115437.3,114543.0,8860.857570986758,-0.7747062691175234,-3.0988250764700935,-310.0259066839835,STOP_LOSS,10
8,LONG,114543.0,113586.9,8883.316469749483,-0.8347083627982554,-3.3388334511930218,-332.1324077463327,STOP_LOSS,10
8,LONG,113586.9,113193.2,7935.539682011387,-0.3466068710388232,-1.3864274841552928,-141.76266189550097,MAX_HOLD,120
8,LONG,113193.2,113564.7,8075.828236756454,0.3281999272041077,1.3127997088164307,73.716136629628,MAX_HOLD,120
8,LONG,113564.7,112605.0,8590.156026184564,-0.8450689342727071,-3.3802757370908285,-324.73158403610074,STOP_LOSS,32
8,LONG,112605.0,114189.6,8023.466305296507,1.4072199280671427,5.628879712268571,419.5374018583537,MAX_HOLD,120
8,LONG,114189.6,113376.9,8511.344428455512,-0.7117110489922126,-2.8468441959688504,-276.35009257422587,MAX_HOLD,120
8,LONG,113376.9,112462.3,6708.9405983963015,-0.806689898912381,-3.226759595649524,-243.31714691876448,STOP_LOSS,83
8,LONG,112462.3,113337.2,8181.887310727994,0.7779495884398542,3.1117983537594167,221.87628539877238,MAX_HOLD,120
8,LONG,113337.2,112420.0,7193.613713554044,-0.8092665073779811,-3.2370660295119245,-261.63648066998536,STOP_LOSS,100
8,LONG,112420.0,116980.0,7483.581827585061,4.056217754847892,16.224871019391568,1184.2671718459621,MAX_HOLD,120
8,LONG,116593.5,115667.0,4259.639673021408,-0.7946412107021403,-3.1785648428085613,-152.43396776906968,STOP_LOSS,50
8,LONG,115667.0,115330.0,9001.943506318752,-0.2913536272229763,-1.1654145088919052,-140.91772973016646,MAX_HOLD,120
8,LONG,115330.0,114960.4,8646.94434404861,-0.32047168993324016,-1.2818867597329606,-145.4318120440317,WINDOW_END,22
9,LONG,115005.9,115373.4,8685.4111328125,0.3195488231473342,1.2781952925893367,76.27487042865128,MAX_HOLD,120
9,LONG,115373.4,114723.2,9461.244436175502,-0.5635614448391025,-2.25424577935641,-251.12468112178146,MAX_HOLD,120
9,LONG,114723.2,112648.7,9242.12226182668,-1.8082654598198098,-7.233061839279239,-705.4569075070237,STOP_LOSS,111
9,LONG,112648.7,112435.0,8515.961269395835,-0.18970480795605904,-0.7588192318242362,-98.68459696446229,MAX_HOLD,120
9,LONG,112435.0,111534.6,8391.678701306548,-0.8008182505447541,-3.2032730021790163,-302.37509307378554,STOP_LOSS,26
9,LONG,111534.6,112309.1,6322.822694217516,0.6944033510677403,2.7776134042709613,150.33227990600201,MAX_HOLD,120
9,LONG,112309.1,111157.4,7166.6739220126765,-1.0254734478328218,-4.101893791331287,-322.6360483400471,STOP_LOSS,22
9,LONG,111157.4,110026.2,8050.294532286235,-1.017656044491862,-4.070624177967448,-359.8984137579799,STOP_LOSS,7
9,LONG,110026.2,109173.1,7574.216015987907,-0.7753607777056659,-3.1014431108226637,-265.20686489063536,STOP_LOSS,54
9,LONG,109173.1,110316.3,7298.396361252324,1.0471443972920043,4.188577589168017,276.50540891105953,MAX_HOLD,120
9,LONG,110316.3,109363.6,6461.679595313168,-0.8636076445638561,-3.4544305782554243,-249.06095419064206,STOP_LOSS,37
9,LONG,109363.6,111693.6,7520.534666702786,2.1305077740674228,8.522031096269691,610.8201642353424,MAX_HOLD,120
9,LONG,111693.6,110844.6,3331.2136635381285,-0.7601151722211479,-3.0404606888845915,-114.60909655678154,STOP_LOSS,90
9,LONG,110844.6,111901.9,7731.480864543424,0.9538579236155738,3.815431694462295,264.0634478989036,MAX_HOLD,120
9,LONG,111901.9,110928.3,8072.575911268082,-0.8700477829241428,-3.480191131696571,-313.23137460849773,STOP_LOSS,85
9,LONG,110928.3,112844.2,7880.729381048765,1.727151682663481,6.908606730653924,512.9256829195613,MAX_HOLD,120
9,LONG,112844.2,112829.7,5578.881764808657,-0.012849574900615184,-0.051398299602460736,-25.18297742317803,WINDOW_END,48
10,LONG,112799.6,111861.2,9284.14453125,-0.8319178436803045,-3.327671374721218,-346.0824013750501,STOP_LOSS,67
10,LONG,111861.2,111264.0,7082.843202397541,-0.5338759105033712,-2.135503642013485,-179.58574735489418,MAX_HOLD,120
10,LONG,111264.0,110389.2,8695.096865961928,-0.7862381363244202,-3.1449525452976808,-308.23705766601626,STOP_LOSS,16
10,LONG,110389.2,109458.3,7959.9632655185715,-0.8432890174038712,-3.3731560696154848,-300.3418370920769,STOP_LOSS,21
10,LONG,109458.3,108602.5,3817.379622530537,-0.7818502571298868,-3.127401028519547,-134.65428806763776,STOP_LOSS,65
10,LONG,108602.5,107689.1,8080.035210832609,-0.8410487788034292,-3.364195115213717,-304.1482907137094,STOP_LOSS,74
10,LONG,107689.1,108265.0,7917.010164676959,0.5347802145249557,2.139120858099823,137.68637511178014,MAX_HOLD,120
10,LONG,108265.0,108766.1,8047.213159400404,0.46284579503995366,1.8513831801598146,116.79589826714468,MAX_HOLD,120
10,LONG,108766.1,109225.0,7914.172989091767,0.42191454874266354,1.6876581949706542,101.90749705819411,MAX_HOLD,120
10,LONG,109225.0,108377.1,7121.348050210991,-0.7762874799725284,-3.105149919890114,-249.61392547706672,STOP_LOSS,90
10,LONG,108377.1,108979.5,8007.227475248237,0.5558369803214832,2.223347921285933,145.99961572257482,MAX_HOLD,120
10,LONG,108979.5,108098.9,6470.541332384474,-0.808041879436046,-3.232167517744184,-235.02090049708062,STOP_LOSS,42
10,LONG,108098.9,107273.4,7876.426950487438,-0.7636525441054443,-3.054610176421777,-272.09984696996645,STOP_LOSS,61
10,LONG,107273.4,109048.0,7250.365491496145,1.65427776130896,6.61711104523584,450.76327379177474,MAX_HOLD,120
10,LONG,109048.0,108162.5,7760.216130073327,-0.8120277309074904,-3.2481109236299615,-283.10129233849926,STOP_LOSS,80
10,LONG,108162.5,110121.9,7076.9762182240565,1.8115335721714958,7.246134288685983,484.49929547798973,MAX_HOLD,120
10,LONG,110010.0,108718.0,5291.73350457342,-1.1744386873920554,-4.6977547495682215,-269.7595960638844,STOP_LOSS,58
10,LONG,108718.0,111165.3,7569.770987811883,2.251053183465482,9.004212733861928,651.3191992574959,WINDOW_END,20
11,SHORT,111152.5,111509.8,8534.3798828125,-0.32145025977823527,-1.285801039112941,-143.8726650514747,MAX_HOLD,120
11,SHORT,111596.5,111424.3,4073.285183479493,0.1543059146120148,0.6172236584480592,8.848139094576894,MAX_HOLD,120
11,LONG,111316.4,112090.4,7232.482125548281,0.6953153353863403,2.781261341545361,172.22430088985945,MAX_HOLD,120
11,LONG,112090.4,111244.0,7199.503299161443,-0.7551048082618977,-3.020419233047591,-246.2531955284138,STOP_LOSS,80
11,LONG,111244.0,110360.2,8354.925526582549,-0.7944698141023362,-3.1778792564093448,-298.9291473040462,STOP_LOSS,34
11,LONG,110360.2,109414.3,4418.300425166752,-0.8571024699121551,-3.4284098796486204,-169.1506499896409,STOP_LOSS,106
11,LONG,109414.3,110548.9,8113.503647112018,1.0369759711481874,4.14790388459275,304.08631836668576,MAX_HOLD,120
11,LONG,110548.9,112135.9,8930.073266919011,1.4355638093187721,5.742255237275089,477.06730679448344,MAX_HOLD,120
11,LONG,112135.9,111099.5,5909.33586688613,-0.924235681882425,-3.6969427275297,-242.10210604369547,STOP_LOSS,38
11,LONG,111099.5,110600.5,8386.787826892452,-0.4491469358547968,-1.7965877434191873,-184.223153472092,MAX_HOLD,120
11,LONG,110600.5,110680.6,8539.48836980832,0.07242281906501853,0.2896912762600741,-9.419800634654958,MAX_HOLD,120
11,LONG,110680.6,110014.2,9077.897496710228,-0.6020928690303528,-2.408371476121411,-254.94108392914967,MAX_HOLD,120
11,LONG,110014.2,110522.1,8904.419281306082,0.46166767562733607,1.8466707025093443,128.8176249712482,MAX_HOLD,120
11,LONG,110522.1,111039.6,9005.483422851128,0.4682321454261184,1.8729285817044736,132.6443392558326,WINDOW_END,96
12,LONG,111120.5,111035.4,9443.43359375,-0.07658352869183077,-0.3063341147673231,-66.7021937494408,MAX_HOLD,120
12,LONG,111035.4,112032.8,9405.174305701441,0.8982720825970896,3.5930883303883583,300.315523208037,MAX_HOLD,120
12,LONG,111877.8,112202.8,4171.770839458676,0.29049552279361945,1.1619820911744778,31.788146681514288,MAX_HOLD,120
12,LONG,112202.8,111337.1,9410.858953780986,-0.771549373099421,-3.086197492397684,-328.0811288597956,STOP_LOSS,45
12,LONG,111337.1,112654.6,8233.837864280942,1.1833431982690406,4.733372793076162,356.80288983675365,MAX_HOLD,120
12,LONG,112654.6,111640.8,7919.220368757366,-0.8999188670502607,-3.599675468201043,-316.7431143619685,STOP_LOSS,37
12,LONG,111640.8,110775.3,9335.096553737601,-0.77525420813896,-3.10101683255584,-326.8233016816935,STOP_LOSS,14
12,LONG,110775.3,110955.4,7276.218507081126,0.16258136967355652,0.6503254786942261,18.214228808688702,MAX_HOLD,120
12,LONG,110955.4,112193.4,9089.529966264685,1.1157636311526975,4.46305452461079,369.3125585601708,MAX_HOLD,120
12,LONG,112193.4,113739.3,9332.213843286005,1.377888538898018,5.511554155592072,477.0211645152243,MAX_HOLD,120
12,LONG,113736.6,114087.7,3799.4325489982643,0.30869570569191557,1.2347828227676623,31.71701028168105,MAX_HOLD,120
12,LONG,114087.7,114137.7,7134.232411928155,0.04382593390873863,0.17530373563495452,-16.030353720722847,MAX_HOLD,120
12,LONG,114137.7,115337.1,8244.791736610066,1.0508359639277896,4.203343855711158,313.57777993054026,MAX_HOLD,120
12,LONG,115369.3,115304.6,2866.5784007531934,-0.056080777121814106,-0.22432310848725642,-17.89671137880662,WINDOW_END,116
13,LONG,115240.8,116027.7,8667.3173828125,0.6828310806589282,2.7313243226357127,202.06327823502332,MAX_HOLD,120
13,LONG,116027.7,116044.7,4929.924741913418,0.014651673695160726,0.058606694780642905,-16.830433021245078,MAX_HOLD,120
13,LONG,115983.0,115856.1,8807.98332109273,-0.10941258632730157,-0.43765034530920627,-73.78010270391054,MAX_HOLD,120
13,LONG,115856.1,115707.4,9492.438141818893,-0.12834887416373555,-0.5133954966549422,-86.70350251012985,MAX_HOLD,120
13,LONG,115707.4,115464.3,9470.605899446486,-0.210098921935841,-0.840395687743364,-117.47298717990284,MAX_HOLD,120
13,LONG,115464.3,115331.0,9176.631565278843,-0.11544693901058846,-0.46178775604235384,-79.08308724669087,MAX_HOLD,120
13,LONG,115331.0,114744.6,9216.938034729914,-0.5084495929108342,-2.033798371643337,-224.321687804632,MAX_HOLD,120
13,LONG,114744.6,115382.1,9057.850014125806,0.5555817005767592,2.2223268023070366,165.06362852018628,MAX_HOLD,120
13,LONG,115382.1,115713.0,3657.2105865105905,0.28678625194028723,1.147145007761149,27.32466632042611,MAX_HOLD,120
13,LONG,115713.0,116427.9,9044.676715919099,0.6178216795001376,2.47128671800055,187.34118750292066,MAX_HOLD,120
13,SHORT,116807.0,117111.6,3843.66128153457,-0.26077204277141425,-1.043088171085657,-55.46742129042475,MAX_HOLD,120
13,LONG,116700.1,115863.2,8921.109354605353,-0.7171373460691196,-2.8685493842764784,-291.59086488058455,WINDOW_END,70
14,LONG,115761.0,114835.0,9249.3330078125,-0.7999239813063121,-3.1996959252252486,-332.94786488810183,STOP_LOSS,52
14,LONG,114835.0,117390.0,8947.553143217092,2.2249314233465407,8.899725693386163,760.5174734434042,MAX_HOLD,120
14,LONG,117213.4,117283.0,6013.911000739284,0.05937887647658529,0.23751550590634116,-9.77167286479412,MAX_HOLD,120
14,LONG,117283.0,117288.2,9743.241629729102,0.004433720146992394,0.017734880587969577,-37.24501425048661,MAX_HOLD,120
14,LONG,117288.2,116386.8,9249.838976303514,-0.7685342600534361,-3.0741370402137442,-321.3520820358882,STOP_LOSS,103
14,LONG,116386.8,115470.3,9484.277276585844,-0.787460433657425,-3.1498417346297,-336.6768329922454,STOP_LOSS,62
14,LONG,115470.3,115560.1,9102.041173543,0.07776891547004114,0.31107566188016456,-8.093929868968015,MAX_HOLD,120
14,LONG,115560.1,115779.8,8867.97868115201,0.19011752326278453,0.7604700930511381,31.96641100370374,MAX_HOLD,120
14,LONG,115779.8,115767.8,9202.184861210153,-0.010364502270689706,-0.041458009082758825,-40.62378208041338,MAX_HOLD,120
14,LONG,115767.8,115592.5,9185.853240688819,-0.15142379832734396,-0.6056951933093758,-92.38168450606099,MAX_HOLD,120
14,LONG,115592.5,115328.3,9068.072892268092,-0.2285615416225076,-0.9142461664900304,-119.17680036115502,MAX_HOLD,120
14,LONG,115328.3,114350.2,8989.496587807409,-0.8481005962977047,-3.392402385190819,-340.91788301265547,STOP_LOSS,93
14,LONG,114350.2,112427.5,8597.160407660982,-1.6814137622846286,-6.725655049138514,-612.6039946710321,STOP_LOSS,61
14,LONG,112427.5,113082.8,7778.232194123109,0.5828645126859557,2.331458050743823,150.23329191893873,WINDOW_END,100
15,LONG,113167.0,112250.2,8437.7197265625,-0.810130161619556,-3.240520646478224,-307.1769310262921,STOP_LOSS,34
15,LONG,112250.2,111765.1,9141.58486871038,-0.43215958635262236,-1.7286383454104894,-194.59128089361232,MAX_HOLD,120
15,LONG,111765.1,112867.0,8773.66479367194,0.9859070496961879,3.9436281987847517,310.9060596954089,MAX_HOLD,120
15,LONG,112867.0,111962.9,9118.079916064284,-0.8010313023292954,-3.2041252093171817,-328.62701686055976,STOP_LOSS,54
15,LONG,111962.9,111789.0,8867.08328402379,-0.15531930666318414,-0.6212772266527365,-90.55750224806656,MAX_HOLD,120
15,LONG,111789.0,113050.2,8875.003545040092,1.1281968708906933,4.512787483562773,365.01003496616136,MAX_HOLD,120
15,LONG,113050.2,113168.5,8153.738460915248,0.10464377771998892,0.4185751108799557,1.5145659599766006,MAX_HOLD,120
15,LONG,113168.5,112309.1,9139.599305178366,-0.7593985958990304,-3.0375943835961214,-314.1823523980017,STOP_LOSS,45
15,LONG,112309.1,111442.8,8710.218955753766,-0.7713533453656052,-3.0854133814624207,-303.58713703851805,STOP_LOSS,95
15,LONG,111442.8,110123.0,8596.440357720907,-1.18428467339299,-4.73713869357196,-441.61106388631646,STOP_LOSS,70
15,LONG,110123.0,109099.4,8113.996567152969,-0.9295060977270923,-3.718024390908369,-334.136357712827,STOP_LOSS,7
15,LONG,109099.4,109315.4,7737.234455822162,0.19798459019939618,0.7919383607975847,30.325189897215306,MAX_HOLD,120
15,LONG,109315.4,109631.4,7774.2476718093385,0.2890718050704658,1.1562872202818633,58.795641614954334,MAX_HOLD,120
15,LONG,109631.4,108799.6,7329.225368555323,-0.7587242341153979,-3.0348969364615916,-251.75133765087259,STOP_LOSS,9
15,LONG,108799.6,109464.5,7765.821722901678,0.6111235703072384,2.4444942812289536,158.7717810151606,MAX_HOLD,120
15,LONG,109464.5,109316.5,6768.672145688051,-0.13520365049856345,-0.5408146019942538,-63.68065590775096,MAX_HOLD,120
15,LONG,109316.5,109265.8,7670.704873973431,-0.04637909190286653,-0.18551636761146612,-44.913232548284924,WINDOW_END,46
16,LONG,109265.8,109650.0,9382.5732421875,0.3516196284656289,1.4064785138625155,94.43358037309719,MAX_HOLD,120
16,LONG,109650.0,109395.9,6335.451372745731,-0.23173734610123653,-0.9269493844049461,-84.06823298992418,MAX_HOLD,120
16,LONG,109395.9,110567.0,9379.066505864846,1.0705154397925387,4.282061759170155,364.10115419131563,MAX_HOLD,120
16,SHORT,110850.2,111683.8,2860.830057013766,-0.7520058601608349,-3.0080234406433397,-97.49775893999936,STOP_LOSS,22
16,SHORT,111683.8,112160.3,8502.575567238806,-0.4266509556444175,-1.70660382257767,-179.11558191700772,MAX_HOLD,120
16,SHORT,112228.3,113236.8,3409.222940102341,-0.8986146987880953,-3.594458795152381,-136.18000557727055,STOP_LOSS,60
16,SHORT,113236.8,114103.4,8137.092436551333,-0.7652989134274293,-3.061195653709717,-281.64068975225683,STOP_LOSS,13
16,SHORT,114103.4,114451.6,8328.229902697462,-0.30516180937641796,-1.2206472375056718,-134.9712278511877,MAX_HOLD,120
16,LONG,114283.6,113414.1,2348.5141025003177,-0.7608265752916429,-3.0433063011665715,-80.86653407517899,STOP_LOSS,62
16,LONG,113414.1,113396.3,8512.399039520385,-0.015694697572879307,-0.06277879029151723,-39.39357729987917,MAX_HOLD,120
16,LONG,113396.3,114489.0,8435.413106491347,0.9636116875065561,3.8544467500262245,291.39685390847654,MAX_HOLD,120
16,LONG,114296.3,117214.2,9017.630466217472,2.552926035225982,10.211704140903928,884.7832218652738,MAX_HOLD,120
16,SHORT,117214.2,118319.0,4191.705556557196,-0.9425479165493627,-3.7701916661974506,-174.80215579108366,STOP_LOSS,101
16,SHORT,118319.0,119360.2,4926.133722235249,-0.8799939147558694,-3.5199756590234776,-193.10324284256896,STOP_LOSS,10
16,SHORT,119360.2,118667.6,8632.77619754469,0.5802604218156397,2.321041687262559,165.83922952291312,MAX_HOLD,120
16,SHORT,118667.6,119720.0,9674.371573019736,-0.8868469573834763,-3.547387829533905,-381.8849660572689,STOP_LOSS,45
16,SHORT,119720.0,119489.9,9495.841334562247,0.19219846308052607,0.7687938523221043,35.02007906812683,WINDOW_END,6
17,SHORT,119573.2,120593.3,9475.2109375,-0.8531175882221149,-3.4124703528884597,-361.2396086898068,STOP_LOSS,56
17,SHORT,120593.3,119902.1,9129.916001035843,0.5731661709232578,2.2926646836930313,172.79869580244446,MAX_HOLD,120
17,SHORT,119902.1,120899.2,9291.076526639321,-0.8315951096769709,-3.3263804387078837,-346.2208582340675,STOP_LOSS,118
17,SHORT,120899.2,122010.0,8966.314216580193,-0.9187819274238398,-3.675127709695359,-365.3887551782138,STOP_LOSS,12
17,SHORT,122010.0,123063.1,8317.204971588737,-0.8631259732808834,-3.4525038931235335,-320.42064532952014,STOP_LOSS,4
17,SHORT,123063.1,121829.5,8002.764298810913,1.0024125834632849,4.0096503338531395,288.87180822950796,MAX_HOLD,120
17,SHORT,121829.5,122060.0,8582.927191389275,-0.18919883936156678,-0.7567953574462671,-99.28690328298444,MAX_HOLD,120
17,SHORT,122060.0,122144.2,8485.746366604975,-0.06898246763886375,-0.275929870555455,-57.35769443145723,MAX_HOLD,120
17,SHORT,122144.2,124124.5,8433.514776359729,-1.6212804210105785,-6.485121684042314,-580.6577545940563,STOP_LOSS,52
17,SHORT,124124.5,125271.1,7639.365825432593,-0.9237499446120676,-3.6949997784482704,-312.8320136263176,STOP_LOSS,27
17,SHORT,125271.1,122839.6,7480.507379089658,1.9409903800637178,7.763961520254871,550.8616849159886,MAX_HOLD,120
17,SHORT,122839.6,124301.8,8044.523982620952,-1.1903327591428148,-4.761331036571259,-415.20451305943345,STOP_LOSS,114
17,SHORT,124301.8,123899.8,7542.417190448674,0.3234064188933708,1.2936256755734832,67.4009765727175,MAX_HOLD,120
17,SHORT,123899.8,124979.9,7788.828636618273,-0.8717528196171352,-3.487011278468541,-302.75264756593975,STOP_LOSS,44
17,SHORT,124979.9,125977.4,7491.301013774723,-0.7981283390369172,-3.1925133561476686,-269.12598946908264,STOP_LOSS,60
17,SHORT,125977.4,124432.7,7241.054438552178,1.2261723134466953,4.904689253786781,326.1870011543107,MAX_HOLD,120
17,SHORT,124432.7,122963.4,7557.388321562208,1.1807989378997665,4.723195751599066,326.72069084962135,WINDOW_END,113
18,SHORT,123085.7,121683.5,8161.47216796875,1.1392062603535562,4.556825041414225,339.25811821582585,MAX_HOLD,120
18,SHORT,121683.5,122792.2,9663.201856970172,-0.9111342129376596,-3.6445368517506385,-390.83176016421066,STOP_LOSS,100
18,SHORT,122792.2,123732.9,8907.360692012653,-0.766091005780495,-3.06436402312198,-308.5833992237954,STOP_LOSS,103
18,SHORT,123732.9,121884.0,9007.092548996863,1.4942670866034775,5.97706834641391,502.33170748230987,MAX_HOLD,120
18,SHORT,121884.0,122936.0,9416.767335528502,-0.8631157494010699,-3.4524629976042798,-362.777477171722,STOP_LOSS,105
18,SHORT,122936.0,121443.6,9190.078494751097,1.2139649899134461,4.855859959653785,409.4970279083674,MAX_HOLD,120
18,SHORT,121443.6,121084.5,9599.977397411814,0.2956928154303774,1.1827712617215096,75.1458641987002,MAX_HOLD,120
18,SHORT,121084.5,122363.2,9714.863193048346,-1.0560393774595402,-4.224157509838161,-449.23057591184846,STOP_LOSS,67
18,SHORT,122363.2,114245.7,9261.135482265146,6.633938962040875,26.5357558481635,2420.4677584124584,MAX_HOLD,120
18,SHORT,114245.7,111621.9,6392.722804591869,2.296629107266184,9.186516429064737,561.6976394900325,MAX_HOLD,120
18,LONG,111621.9,111038.2,8590.854784100431,-0.5229260566250863,-2.091704226500345,-214.05869174793753,MAX_HOLD,120
18,LONG,111038.2,110143.0,11728.808425619249,-0.8062090343683499,-3.2248361374733996,-425.15008630687146,STOP_LOSS,15
18,LONG,110143.0,111705.2,11362.139456409057,1.4183379788093633,5.673351915237453,599.1655986364973,MAX_HOLD,120
18,LONG,111705.2,111406.2,10291.26915330844,-0.2676688283087985,-1.070675313235194,-151.3511548562958,WINDOW_END,90
19,LONG,111409.4,115298.6,9343.1748046875,3.4909083075575413,13.963633230230165,1267.2739620482873,MAX_HOLD,120
19,SHORT,115684.9,114065.1,5867.3360521415125,1.4001827377643827,5.600730951057531,305.1443620662807,MAX_HOLD,120
19,LONG,114065.1,115612.4,10811.234495375336,1.3565060653959784,5.426024261583914,543.3752687142936,MAX_HOLD,120
19,LONG,115612.4,114579.3,2854.0940098452807,-0.8935892689711409,-3.5743570758845635,-113.43188723268338,STOP_LOSS,43
19,LONG,114579.3,113617.8,11180.151493557803,-0.8391568110470214,-3.356627244188086,-419.9966169484936,STOP_LOSS,21
19,LONG,113617.8,112700.2,10789.017467639127,-0.807619932792226,-3.230479731168904,-391.6930923549111,STOP_LOSS,32
19,LONG,112700.2,111778.6,10234.744644295455,-0.8177447777377426,-3.2709791109509703,-375.71533795125936,STOP_LOSS,14
19,LONG,111778.6,110891.5,9951.877888288114,-0.7936223928372745,-3.174489571349098,-355.7288372702555,STOP_LOSS,42
19,LONG,110891.5,112504.2,9650.973763898886,1.4543044327112513,5.817217730845005,522.81426193713,MAX_HOLD,120
19,LONG,112504.2,112184.0,10303.798272813112,-0.28461159672260866,-1.1384463868904346,-158.51841224057233,MAX_HOLD,120
19,LONG,112184.0,111272.6,9732.512725259736,-0.8124153176923573,-3.2496612707694292,-355.2037476065109,STOP_LOSS,90
19,LONG,111272.6,110341.4,9569.638364263195,-0.8368637022950947,-3.3474548091803786,-358.6178731027517,STOP_LOSS,41
19,LONG,110341.4,111500.9,9343.55654730005,1.050829516391853,4.203318065567412,355.36517412996955,MAX_HOLD,120
19,LONG,111500.9,110520.2,9570.643285598131,-0.879544470044634,-3.518177880178536,-374.9948282070982,STOP_LOSS,58
19,LONG,110520.2,109459.9,9531.499025473844,-0.9593721328770695,-3.837488531508278,-403.8961780852774,STOP_LOSS,19
19,LONG,109459.9,108469.1,9050.128196185458,-0.9051716656053846,-3.6206866624215386,-363.87729731607965,STOP_LOSS,77
19,LONG,108469.1,107527.2,8789.147189798865,-0.8683579010059166,-3.4734316040236664,-340.44160497382717,STOP_LOSS,7
19,LONG,107527.2,108507.6,8441.630474716483,0.9117693011628767,3.6470772046515068,274.1062588454337,MAX_HOLD,120
19,LONG,108850.0,107949.0,8143.613218960446,-0.8277446026642168,-3.310978410656867,-302.20772840302095,STOP_LOSS,18
19,LONG,107949.0,106964.8,8441.388474204707,-0.9117268339678896,-3.6469073358715582,-341.6151694120065,STOP_LOSS,5
19,LONG,106964.8,105952.5,8029.669323903056,-0.9463861008481322,-3.785544403392529,-336.085374997551,STOP_LOSS,10
19,LONG,105952.5,105091.9,7454.903798004054,-0.8122507727519462,-3.249003091007785,-272.0296700208247,STOP_LOSS,6
19,LONG,105091.9,104169.2,7288.760149394416,-0.8779934514458271,-3.5119738057833083,-285.13438781068186,STOP_LOSS,27
19,LONG,104169.2,105302.5,6923.735600252503,1.0879415412617193,4.351766165046877,273.60984080808373,WINDOW_END,49
