signal_weight,volatility_weight,regime_weight,base_position,max_position,min_position,long_entry_threshold,short_entry_threshold,exit_threshold,stop_loss,take_profit,total_return,return_per_week,sharpe,win_rate,trades_per_week,avg_holding_hours,total_trades,composite_score
0.4691235782265585,0.2357089671272294,0.15763291309903643,0.7790827453029904,0.8692337845961868,0.25610816210122744,0.6857415262308482,0.5048972349365579,0.602857808736872,0.005181821261359405,0.03559251400961777,225.64807085775817,17.550405511158967,3.279836484881932,83.125,37.33333333333333,1.0581597222222223,480,33.443411814256166
0.3789076345322655,0.32458416974412535,0.08458192215636158,0.7837272651546902,0.8547484575991597,0.2213209812707862,0.6967762266753637,0.5570620401128381,0.6018242623124962,0.005232195252296515,0.027989225753079425,216.58353904418482,16.845386370103263,3.268717296373147,83.01075268817203,36.166666666666664,1.0677419354838709,465,32.42448762951622
0.29691489297081414,0.22401159593017173,0.111096861741538,0.7827098377370103,0.9701403760342158,0.10923373802071151,0.7072822433222252,0.5078989966196742,0.6213703258698389,0.005116676486464276,0.033399869740952916,213.950511946589,16.640595373623587,3.207651814559117,81.8574514038877,36.01111111111111,1.0975521958243342,463,32.0586767805196
0.26626932112702917,0.18077709589398355,0.13174867580803762,0.7949139707539365,0.992197025786932,0.16161646393596713,0.7490930156582492,0.5261958453367364,0.6022396122714233,0.005314119937746009,0.03879301621037739,211.50928727408692,16.450722343540093,3.289409419009376,83.14350797266515,34.144444444444446,1.027714502657555,439,31.565652292669956
0.3000022902926781,0.36135949362692144,0.2915234829397323,0.7925349282545611,0.9621672780901547,0.1826558210207142,0.6729169228975698,0.5862330421200705,0.6031530210442716,0.005597668398848019,0.02811340058887571,203.8546400459194,15.855360892460398,3.1017156212363832,83.2244008714597,35.699999999999996,1.0724400871459694,459,30.98379213493316
0.3674926338769611,0.3085407818999747,0.18584648782793733,0.767816772893321,0.8618901948222465,0.2580980077671985,0.7228927357831942,0.6308328005081719,0.6015701782703782,0.005238631732342653,0.02579688463881155,200.87151332788946,15.623339925502513,3.4440230899815045,84.52655889145497,33.67777777777778,1.0304080061585834,433,30.930830549909967
0.41832904548339356,0.35284636729896224,0.22432527426357596,0.7919135762293021,0.893299011094398,0.25453619296562624,0.6637229398033198,0.5373152498208968,0.6117654641263037,0.005005747988364082,0.0305812311581852,199.8346557268076,15.542695445418367,2.966114026265622,80.87318087318087,37.41111111111111,1.1015246015246016,481,30.82770127572739
0.48774917247064264,0.19041920013559271,0.07913770446828934,0.7624348943826926,0.8542734088784558,0.21657288047472653,0.701465572019699,0.5837994256142414,0.6006394025238413,0.005513942175803282,0.028587597264828978,199.26837667126688,15.498651518876311,3.2706199219649106,83.74164810690424,34.922222222222224,1.0694135115070527,449,30.770446918361685
0.3512036833863013,0.18040514799534843,0.17474205584520697,0.7943649584941912,0.9918127264411005,0.24608891380494602,0.6678478882321043,0.5163592693088748,0.6206014187875175,0.005151550186148166,0.03709617700459455,200.85643261819018,15.622166981414791,2.965623226722514,80.97251585623678,36.788888888888884,1.121740662438337,473,30.750635657082043
0.4426695358664753,0.2470690717980738,0.13696962383038114,0.7456516723075337,0.867590791296026,0.29809750731556783,0.7054841755812153,0.5112386451437957,0.6111998999617556,0.005361993200359338,0.03121094797205745,194.73018804480674,15.145681292373856,3.2034529284265547,82.79569892473118,36.166666666666664,1.0833333333333333,465,30.59425381589363
0.23200801947817368,0.3049618080684577,0.06143964059619027,0.7672391323742278,0.9953822460995294,0.10138317923253555,0.6712523605414515,0.6603386467790645,0.6048734464133604,0.005211742723865391,0.026049376989951516,194.91616997222502,15.160146553395279,3.2300395081014663,83.44370860927152,35.233333333333334,1.0614422369389258,453,30.428558902931545
0.3182410858005912,0.27874916929339943,0.13299475032672053,0.7913957342801852,0.9889456721427572,0.10586942478923987,0.7113947600458046,0.5949943077498417,0.6258025315281456,0.005519644866041094,0.03593436443675371,200.06427415773862,15.560554656713004,3.1840700486662143,83.17757009345794,33.288888888888884,1.1285046728971964,428,30.250916976267654
0.4021651079254286,0.3547251338035946,0.2367796870427047,0.7399783121234761,0.8522522763788049,0.16628687947347914,0.7317451743696133,0.5796040597801367,0.6014735700122514,0.005110460054637982,0.03001583935537945,192.45651237574134,14.968839851446548,3.37599227136977,83.29519450800915,33.98888888888889,1.011250953470633,437,30.21804661640831
0.4197417527359293,0.32726686575326236,0.05980505369460683,0.7955741120181421,0.8609100349235344,0.15683390632432515,0.6563949536682593,0.6622378119545759,0.6057818149929404,0.005710430026829732,0.035820269849729226,196.15913467699778,15.256821585988716,2.9688933108059947,82.71334792122538,35.544444444444444,1.1146973012399708,457,30.080719318711814
0.344144488152233,0.3620723621667713,0.2683890803429631,0.7481671561035135,0.9855387236047379,0.24315334922287857,0.708339779108647,0.6297885439985007,0.6122368880224952,0.005244416269329466,0.022874082143937984,189.06971928017558,14.705422610680323,3.3684923135001106,84.21052631578947,33.98888888888889,1.0722730739893211,437,29.93962945990277
0.35871479792355077,0.23853865239104907,0.1394199120134781,0.7992392363246104,0.9101077475738917,0.1029139194057248,0.6503655817495447,0.518191341863254,0.6126126560020314,0.00545991322651483,0.038082141422608996,189.72071592083108,14.756055682731306,2.775493111802313,80.45267489711934,37.8,1.1339163237311385,486,29.75704190633593
0.47861279515127264,0.3403679222085467,0.162571896695264,0.7903969990891966,0.8780185997220932,0.20303234276817955,0.7068287087721212,0.7729947092672872,0.6111198819353374,0.00518969642298329,0.03604047084272469,194.5581905017317,15.132303705690243,3.2605203507922695,83.65384615384616,32.355555555555554,1.1069711538461537,416,29.74223329616367
0.2802855449297895,0.3919186519470642,0.246594863052916,0.7643729858612628,0.9722078099413296,0.23118060033627458,0.7257947118672508,0.582741811432627,0.6112273162536758,0.005466002646115504,0.03454300390937861,191.50349788419314,14.89471650210391,3.2685977307607095,83.60655737704919,33.21111111111111,1.0802107728337236,427,29.734689741403106
0.29046917839232234,0.37938583951661464,0.2868190262668994,0.7495939625207451,0.9815749430039848,0.2856428447164867,0.6555176567955242,0.5488750514867995,0.601129157378878,0.005104688455854014,0.02180904361807429,180.93104825102807,14.07241486396885,2.9669238231013684,80.93306288032454,38.34444444444444,1.0578093306288032,493,29.592373621282697
0.3471002670830866,0.16352527061906408,0.25451051788031637,0.7635945772443871,0.8697356050724487,0.2939062077969471,0.6578966447696214,0.6499700121634575,0.6053722273587117,0.005273748639385083,0.03157061384106109,184.64065087315217,14.360939512356278,2.976482618915875,82.18884120171673,36.24444444444444,1.084406294706724,466,29.37501586129914
0.4095991155290708,0.15473522573211484,0.29321280194671095,0.7589321050794446,0.9970496779104356,0.2828764062448809,0.7539633872756972,0.6297766831523386,0.6209421965127682,0.005226666650529612,0.030561491977400344,187.68124361703045,14.597430059102367,3.44868020385444,84.71177944862156,31.03333333333333,1.050125313283208,399,29.25312380014458
0.25351662324643154,0.24359712817166285,0.2983529986812118,0.7820413139915241,0.9778406498798441,0.2292047721175186,0.7548815154136674,0.5474092836670981,0.6027942611157348,0.005651069654275478,0.028716666967288668,187.6253250814409,14.593080839667625,3.195084105007899,83.21513002364065,32.9,1.0451142631993695,423,29.208249049683424
0.22387752838794683,0.3530952840425259,0.12397945703188469,0.7919372565836446,0.9358202776725084,0.1591807628879859,0.6362993245027979,0.6589028343949918,0.6028331116466527,0.005633974889604127,0.03174567301981778,184.66147816232626,14.362559412625375,2.8007193314518815,81.81818181818183,36.788888888888884,1.1215644820295982,473,29.161220297751356
0.233013016080716,0.3617524358243588,0.2736531157273792,0.7979028599530117,0.9683665641663668,0.2846463907740378,0.7751075781776171,0.6924377687609019,0.6204691453056372,0.005565193412012002,0.011630832929543268,187.71839248148478,14.600319415226593,3.5464866679919274,85.22427440633246,29.477777777777778,1.010334212840809,379,29.062737195654893
0.45491220265243504,0.38821491595741003,0.11294923371314254,0.7875910560037317,0.8821050245130334,0.21062657611413438,0.7544825341541411,0.6055351549206822,0.623249464792088,0.005577306956527106,0.017986747572840318,186.60979458281108,14.514095134218639,3.3289540057523803,83.70927318295739,31.03333333333333,1.0983709273182958,399,28.930336479056734
0.26371366591054757,0.3823332000189507,0.08272772362603827,0.7948939723384452,0.9922874971684301,0.28350018235080976,0.6987106465739885,0.6605805659061255,0.6159871574951366,0.006330953414786303,0.027426237681769466,186.56389215627067,14.510524945487719,3.14294679902991,84.7457627118644,32.12222222222222,1.1886602098466503,413,28.826974099103094
0.37075275876661584,0.307570423547148,0.20028422654703715,0.7930635124591305,0.8521279664578681,0.29985675021477576,0.6171147955617119,0.6728351756820287,0.6027561944343803,0.005555276481513747,0.03328006079480335,180.06799300962987,14.005288345193435,2.6825591426754922,80.65843621399176,37.8,1.1337448559670782,486,28.82040663054442
0.4626745899935735,0.3725052029009508,0.14874152823063036,0.7511548496964994,0.8785258692201515,0.2676458122931856,0.6960301719077755,0.6787264364635581,0.61687376411702,0.0054475674528341456,0.027883468322956205,181.31963683981147,14.102638420874225,3.2214854602244305,83.72641509433963,32.977777777777774,1.1417059748427671,424,28.79005378576753
0.4829469228486445,0.16123468487799414,0.14552173677818614,0.7945521002169107,0.9952538666429344,0.2784830589669136,0.7050836527763802,0.5876907569036497,0.6153118513405151,0.006797321166037045,0.027479266297537892,185.05708282266036,14.393328663984695,3.08964748873113,84.688995215311,32.51111111111111,1.1927830940988835,418,28.700401419224733
0.2658813733138973,0.38875555657214195,0.101540403841006,0.773226735821396,0.9939823266154073,0.2561541585398071,0.6457152639454331,0.5158994865369892,0.6092914988404934,0.005944561999972083,0.03852109370458914,176.69442267396101,13.742899541308079,2.714916417132569,81.1088295687885,37.87777777777777,1.1486995208761124,487,28.64217682001766
0.39586348682914696,0.23490067570798728,0.2795338783806966,0.7655671615425637,0.9144037132784922,0.2866299083210716,0.6802467393191046,0.751965783111832,0.6062524864760763,0.005430799425728054,0.03162301995321455,180.10474465861478,14.008146806781149,3.105678537277985,82.87037037037037,33.6,1.1087962962962963,432,28.619503881337117
0.21190798402451272,0.20182891416598142,0.17327535534092475,0.7799250587972991,0.9033277170668431,0.28116299663114364,0.7552769003496058,0.7558526637849112,0.6006239048736739,0.005300372975760383,0.015719064504660214,180.24026336938533,14.018687150952191,3.3948078094033507,84.1309823677582,30.877777777777776,1.009026028547439,397,28.527747214203337
0.3196602248164741,0.32900634870134543,0.12184962440366574,0.7908965416803369,0.8873645486661905,0.1583652331899233,0.7505795574702598,0.5797386100771809,0.61175120080215,0.006034280119107791,0.032613225486915594,183.99496425251556,14.31071944186232,3.2106366253848653,84.75,31.11111111111111,1.0960416666666666,400,28.50977047040983
0.259029809730195,0.2653223819960362,0.23506694370988174,0.7854918815845321,0.9980071223402569,0.17683774749417844,0.6380858602450545,0.5903549267631238,0.6004272792863877,0.006290182029484355,0.03550655077841842,177.18576258747055,13.781114867914376,2.7427974916437474,82.73684210526315,36.94444444444444,1.1410526315789473,475,28.50282096231298
0.40768335673392414,0.39323351844719534,0.15279884294958707,0.7944169877498459,0.8727708232688806,0.12603110261189407,0.5800365155898314,0.5174493724350065,0.6049541415992938,0.005719813469510835,0.036625540275951184,173.83344343320064,13.520378933693383,2.4415742114165577,78.7593984962406,41.37777777777777,1.1804511278195489,532,28.4035273565265
0.4476962380175741,0.20263418569919542,0.05110611412966694,0.7966886009177852,0.8693382463833541,0.23673800759790167,0.7242920074080837,0.5241322892202911,0.6052442590223619,0.0066919137539437415,0.03267634911078736,180.7834927132128,14.060938322138773,2.916557885690428,83.06636155606407,33.98888888888889,1.1252860411899313,437,28.391276315741848
0.21336225201178632,0.21499993948035478,0.25448805625701776,0.7872721073436038,0.933705988763297,0.2076290162839217,0.7409289462852443,0.6440678828574752,0.6016201020050089,0.006453921981162021,0.03499472495991794,180.80361011894013,14.062503009250898,3.2517739991225487,85.92964824120602,30.955555555555556,1.0952680067001674,398,28.304939896384887
0.3427158436835087,0.24154189890378122,0.12036489726351786,0.7975243046963131,0.9985169530493797,0.1434847039706829,0.6008106653732558,0.7373136835913252,0.605084607463312,0.005008168558913613,0.03809058664087744,172.51076151899522,13.417503673699628,2.5230058367364543,78.21782178217822,39.27777777777778,1.116006600660066,505,28.28295979161698
0.37246014444690134,0.38530532814191776,0.17331822384204154,0.7930433703472265,0.8653349998476434,0.12330856166177702,0.7805658360655339,0.5012376798459481,0.6078272157586422,0.005854268353879339,0.028113971455021952,180.65102510859572,14.05063528622411,3.1318092136918616,83.57843137254902,31.73333333333333,1.0520833333333333,408,28.247587046941163
0.2962553569603569,0.15415109214985967,0.12798270018128505,0.7754049304533794,0.8744014512467259,0.10901655455680362,0.707500224585883,0.6992585778954784,0.6098210471485734,0.01967294722168314,0.013584682089833726,177.25859075323118,13.786779280806869,3.4891223503403253,88.25065274151436,29.788888888888888,1.3128807658833768,383,28.212246203709743
0.4751112619535267,0.2786304937813967,0.10415725060590468,0.7489505530223197,0.9984638115965491,0.20932222299679087,0.6713555057270859,0.7982295218341366,0.6134639130385998,0.0052060156231751595,0.030227540392629787,172.61214292428008,13.425388894110672,3.0992132386122466,82.67898383371825,33.67777777777778,1.1135488837567358,433,28.04325981577961
0.4066926038119884,0.38063960411191666,0.07605855224138801,0.794062252568554,0.905098543961728,0.11689328068740693,0.6200335323311966,0.6712613907294752,0.6042740446780979,0.006242243159357899,0.02008202417232411,172.49751135691795,13.416473105538062,2.701475527725484,81.95329087048833,36.63333333333333,1.192498230714791,471,27.97775749432236
0.2636641839786299,0.3768829222371805,0.09608802828899261,0.7726371453100233,0.883868653558459,0.15147417932513124,0.7376822274698943,0.5158198738356983,0.6313474991208203,0.0060048805478905495,0.026822329573999847,175.81406353476012,13.674427163814675,3.0781683347318824,81.88405797101449,32.199999999999996,1.1779388083735909,414,27.880763833278436
0.204036831773069,0.16119460662515278,0.05795581591947256,0.7794889686244836,0.8526989758916098,0.2077715441568989,0.7494654474284523,0.5721736679699039,0.601632301770984,0.00882022363472439,0.019373481646609323,176.24630192751957,13.708045705473744,3.177603593940247,86.4321608040201,30.955555555555556,1.1371440536013402,398,27.802141782243126
0.4824067618848206,0.21328797121636142,0.13696231772646505,0.7853939035119282,0.8708801886218454,0.2426535985328548,0.7243669882180674,0.7078824178771477,0.610140100528565,0.005541530605232745,0.01909336164627882,174.04325569356493,13.53669766505505,3.1689345261808617,83.04668304668304,31.655555555555555,1.089066339066339,407,27.78845560630566
0.47044390971041133,0.16849095759830804,0.29289139176021006,0.7912498734028157,0.8687611318890702,0.26239454486456426,0.6991430893656567,0.7723895478443414,0.6035952962682494,0.023901888912851287,0.020970256743703317,180.101757972272,14.007914508954489,3.235418278805088,88.0,29.166666666666664,1.345111111111111,375,27.770417733231334
0.25723484435770394,0.34900371056011253,0.28187857212992434,0.7879527575904717,0.9980410177453596,0.2696150259242567,0.7631193682327397,0.6621860700958317,0.6487554358567812,0.005525490787530654,0.03878413563249694,178.6203112194571,13.892690872624442,3.2926982058562366,83.46883468834689,28.7,1.1386630532971995,369,27.653087284336916
0.3801869084603348,0.19260783522348845,0.1540509424159457,0.7360396830710147,0.9351536692232716,0.2912994945656167,0.6858121130700894,0.5906382673525803,0.6122398383662752,0.0058277610839315135,0.03539927269796732,167.3477269727983,13.015934320106535,3.0471898972234692,83.25688073394495,33.91111111111111,1.1360856269113149,436,27.588091892331253
0.20262493315928953,0.16848456800920267,0.29322639875460554,0.7992084975801579,0.8904591670684268,0.22265171206645024,0.8072921163483271,0.6931780071797543,0.601806467240517,0.005519869981484962,0.01483474607923026,175.07331953170797,13.616813741355063,3.611671422284404,86.1271676300578,26.91111111111111,0.9954238921001926,346,27.56793436370165
0.4065465512328672,0.3658456640341675,0.06340203972773713,0.7613071215983582,0.8589215999630734,0.18375238615112252,0.7474920959107967,0.6255194654840648,0.6013784525093964,0.012011155406100114,0.025320331592519833,171.97820814876965,13.376082856015417,3.4241564827478315,88.56382978723404,29.244444444444444,1.1932624113475176,376,27.53550693262219
0.47304887483975583,0.2003815209517286,0.2493647945584878,0.7541922308922422,0.9997424012314563,0.19970716209606462,0.685192716825503,0.7663504763772976,0.6016961972895585,0.006909351363925937,0.012372095667686784,165.900956362959,12.903407717119032,3.1541933395114565,84.43396226415094,32.977777777777774,1.1633254716981132,424,27.45623884058639
0.4508793444921011,0.39188042290414543,0.06902207969308545,0.7819258547623426,0.8675720744389199,0.12764031270399093,0.7160311530612756,0.5206498873569061,0.6067421598882845,0.008100962327442916,0.014652394002595003,170.07998494492642,13.228443273494277,2.9415585308663195,83.8785046728972,33.288888888888884,1.1995716510903427,428,27.433782557449135
0.2208228483005214,0.16404560102354518,0.12695035895095486,0.7793479476798777,0.9969558194184998,0.16408463869246842,0.6202937372797321,0.6385643598237325,0.6256655591683117,0.005691573431698982,0.029884159096082677,165.070943668614,12.838851174225534,2.5991454555443303,79.62577962577963,37.41111111111111,1.1933471933471935,481,27.389919863091972
0.49440290570821255,0.1506093535722129,0.06884348745559245,0.7935980378977665,0.9240354325429782,0.14646286424524818,0.7004514432895386,0.5624610053657125,0.6290474368219814,0.006390196964269637,0.012221656941996664,168.67974658580792,13.119535845562838,2.888995613709826,82.33944954128441,33.91111111111111,1.195909785932722,436,27.37530485076027
0.30511978956495794,0.15899737014104476,0.1748343439457966,0.7607775247344997,0.9772982660595122,0.106492400957313,0.6906643898157573,0.5482415793239118,0.6051596703279113,0.006281057742017611,0.020603967348767887,165.3258787645555,12.858679459465428,2.8625321221931563,82.22222222222221,35.0,1.1477777777777778,450,27.33374370385174
0.4360766794191424,0.3022173913623245,0.1737282065257693,0.7981262172133181,0.9170778464165066,0.16372986822502883,0.6571252466471528,0.5358761332955156,0.6000294506625085,0.006556438090119054,0.025835206572613657,165.54213923186643,12.875499718034055,2.627777410091366,81.99152542372882,36.71111111111111,1.1440677966101696,472,27.308832315994565
0.2695538147128905,0.3706320638717116,0.2616492344662366,0.7816410003650592,0.9949904953804999,0.13963877157963075,0.5876897017895246,0.542256752527467,0.6116690139206148,0.005755903956238508,0.03766939573480959,160.94153611428573,12.51767503111111,2.3840755091652177,78.43511450381679,40.75555555555555,1.1658715012722647,524,27.285826049441546
0.385591983457402,0.32299711075346604,0.2188445293682479,0.7634412879731668,0.9797650644613958,0.28725478609122196,0.6883096050513162,0.7862346171693336,0.6112127387109674,0.008188435450616087,0.02133653032145965,169.48460961248796,13.182136303193507,3.1358618062798898,85.5,31.11111111111111,1.2479166666666666,400,27.231637693531066
0.33651487566568095,0.38582901811515624,0.264827766856266,0.7873596995776331,0.8596285724780862,0.28730671446142664,0.5825992422708195,0.7214543290751583,0.6197916558247384,0.005201347143688053,0.01857709962095769,159.19152058458826,12.381562712134642,2.4600229727171636,77.64705882352942,39.666666666666664,1.1977124183006536,510,27.218275324235634
0.3562561474160676,0.1528775143635351,0.24181691028397306,0.7890975134250012,0.9973284110448153,0.2923735674546667,0.7027464567273806,0.7369590657345515,0.6186607347352877,0.019712394097648078,0.03687880783510034,173.0379540163109,13.458507534601958,3.258201784005433,86.88524590163934,28.466666666666665,1.3852459016393444,366,27.091577769279493
0.23614304661669158,0.3991585117953864,0.29775217193601133,0.7340979720592657,0.9316548139087811,0.12283444542963934,0.5985168279618531,0.6123955296491868,0.6075401329824763,0.005728273505549168,0.022200708091209616,153.8901929276762,11.969237227708149,2.571817097310852,79.6078431372549,39.666666666666664,1.1372549019607843,510,27.029538088996517
0.35189713226384955,0.37049868709418565,0.18623405585565,0.7306232384553819,0.8505397476600121,0.12621441357175497,0.6558672061698809,0.774277471191106,0.606512229297475,0.005265423203278297,0.039314930389773885,160.12196536791586,12.453930639726789,2.8793982243889604,81.59645232815964,35.077777777777776,1.1186252771618626,451,26.982171532949152
0.4953857583691116,0.2615351133007683,0.22565924212704408,0.7818929679867239,0.9531542321382273,0.29576727274146475,0.6872090704933227,0.5084261914768436,0.6527329182700582,0.006298278206690083,0.02665142611602607,167.2689009987443,13.009803411013445,2.8080324784245136,80.60747663551402,33.288888888888884,1.3047118380062308,428,26.948090590084696
0.23000221228480852,0.17543865524860777,0.16748765286966516,0.7492405366820852,0.8666942201026624,0.1577309660968203,0.7182851197695437,0.7307914396156785,0.6066215221066116,0.0169290621714633,0.019113672443966282,164.70437045815797,12.810339924523397,3.4431971734219253,87.26287262872629,28.7,1.3274616079494128,369,26.87173427136725
0.45772857148953683,0.2285727972499478,0.2603151136117224,0.7763603129943557,0.9917261356889739,0.2490809215695093,0.5836982964443999,0.718142204665685,0.610724277099292,0.005158350290537172,0.039462610086335836,155.3373091506486,12.081790711717112,2.3905055620346474,77.734375,39.82222222222222,1.1692708333333333,512,26.818357391341962
0.29898056990512134,0.2936171407955327,0.26917340464973183,0.7677017206697448,0.8549788958683181,0.2654538289483531,0.5836937252419612,0.5342988798127777,0.6051105284910153,0.006022460691163727,0.03524226858433397,155.7191547287013,12.111489812232325,2.352140280215178,78.89733840304183,40.91111111111111,1.1888466413181242,526,26.81577037266268
0.24825828432077462,0.3887150373675414,0.1636817386885961,0.7869254011537908,0.8930665340896059,0.11106918860461566,0.599582978073502,0.5642203827655682,0.6038135866779779,0.010100581557433607,0.012199810529624799,159.3756801629346,12.395886234894913,2.6546412477187147,84.48275862068965,36.08888888888889,1.312859195402299,464,26.727390952554565
0.22183672209551447,0.20462462124920025,0.12281747985621934,0.7369234211117055,0.8577210699291257,0.10587527309027184,0.6959135076226577,0.5873823834311118,0.6040006340848015,0.021170548667413358,0.022521372158328317,162.48759231151334,12.637923846451036,3.2565338469340794,87.66066838046272,30.255555555555553,1.325407026563839,389,26.714880429208087
0.4328251785101128,0.3764251615192292,0.06515432119127089,0.7789843013661835,0.8567638270008318,0.24073917079731133,0.7637288484538464,0.5025113770359029,0.6284056156897108,0.006118129387938652,0.037820297726538214,165.85890919181114,12.90013738158531,2.9352675529993735,82.30958230958231,31.655555555555555,1.1427108927108929,407,26.68456137647295
0.20666310873182886,0.271458374477623,0.07410589626202892,0.6826849363163541,0.9276999115836455,0.12703477015706338,0.6422786835757521,0.5191704360381955,0.6044948115745048,0.005924621542217845,0.031114295651481216,148.559987542077,11.5546656977171,2.7305802255818996,81.28772635814889,38.65555555555555,1.1265928906773979,497,26.679715037769785
0.4835703358034249,0.15693918936840187,0.22895480457874412,0.7915748847161178,0.9370653468076863,0.19955238058194966,0.7959377393932159,0.5654702135724295,0.6226805973225762,0.005621750121078147,0.03514211871690979,168.02713663318434,13.068777293692115,3.179509068184296,83.28767123287672,28.38888888888889,1.1052511415525113,365,26.525017652282926
0.20838847936204635,0.2937795729505207,0.277646335890262,0.7412518090533173,0.9733917927918005,0.2920160673388088,0.579726581779012,0.7391137410066552,0.6039422155483178,0.005579106818611707,0.03301900070679504,150.16625221072118,11.679597394167203,2.4595738904149664,78.82352941176471,39.666666666666664,1.183986928104575,510,26.5154118416638
0.3253787574244308,0.15162320122887948,0.05654614369146162,0.748545715811696,0.8578433617148997,0.14430796818791308,0.6769217899019944,0.7321876748602842,0.6384281275569084,0.015882139171894304,0.017705919524673402,162.28893577239347,12.622472782297269,3.340659088439911,86.48648648648648,28.777777777777775,1.462837837837838,370,26.498235403621536
0.23144243976632428,0.28519950049397835,0.15369254310139635,0.7525838450668654,0.8855065335447485,0.13316569933612005,0.6941573573723238,0.6844575045752246,0.6174702937491567,0.018534088155972236,0.010967883228885096,158.93888939329358,12.36191361947839,3.396464469540662,87.53315649867373,29.32222222222222,1.3835101679929267,377,26.48539811411527
0.21080465481168348,0.17558707608010737,0.11062251916284642,0.768022209972532,0.9121461652088783,0.1968571730867847,0.7005005346369957,0.6253217358445947,0.6434279709075424,0.021323915139898546,0.014667867903129314,162.37145985740344,12.62889132224249,3.225372903240447,87.2340425531915,29.244444444444444,1.4217641843971631,376,26.390748239834494
0.4619788206175568,0.2109735753430638,0.07308560982321614,0.7090129674891766,0.9619309148492674,0.22611270007650966,0.6235571909346587,0.5245135891923295,0.6172381393906006,0.0051427576075330815,0.03305720351177102,146.08337616515757,11.362040368401145,2.5566326322724153,78.37301587301587,39.199999999999996,1.1474867724867723,504,26.275305632945972
0.20723444807580987,0.28632237368954494,0.153213064797094,0.7933087616429227,0.8823603539664333,0.1549541673304099,0.7261327857709677,0.6396456951219697,0.6072395661543968,0.015789149904998547,0.012489035589573028,161.98670607641108,12.598966028165306,3.149539509879066,87.03703703703704,29.4,1.2956349206349207,378,26.24804504792344
0.48695971601050714,0.19253910506387448,0.19892602092654377,0.7332010839195109,0.8779931262967045,0.1338220012824401,0.6618769390468972,0.5666513240859405,0.6103552494602563,0.005818942886498595,0.038788988339919214,151.73240410290498,11.80140920800372,2.73041144057241,81.52173913043478,35.77777777777778,1.1403985507246377,460,26.206676533592983
0.2832335767624085,0.15857989185031224,0.28880197799933915,0.7826343754086386,0.9681456923754022,0.14152440476627057,0.7384188343070266,0.5035641242554286,0.6218280981100103,0.007582564949549702,0.039768091659476645,161.92344131549916,12.594045435649933,2.8577960862661755,82.92079207920791,31.42222222222222,1.2165841584158417,404,26.16519316373784
0.45196503437816976,0.16591428867996044,0.06814030603172254,0.7997766135900232,0.9068592635462268,0.10325086892687674,0.6371785506194961,0.5502580443972966,0.617581493393885,0.006623652245577663,0.03188126567129917,155.02052152322383,12.05715167402852,2.462227671347704,81.3304721030043,36.24444444444444,1.2215665236051503,466,26.042718127835037
0.4787978899141286,0.18662305921440198,0.28721698830033043,0.7980062887628268,0.9117637798048803,0.2875502866335445,0.6155460318089412,0.5752368362058594,0.6049485549511966,0.010216261184808631,0.03262470102016163,157.66663087169798,12.262960178909841,2.5703040227160656,84.42437923250564,34.455555555555556,1.3412340105342364,443,26.01745711323086
0.36080786865333825,0.3595501991426681,0.2628262589382637,0.7450597796024481,0.8534777756212577,0.2953899078432047,0.7853634759952668,0.7363779532657025,0.6186629141949653,0.0058655740274174105,0.03632143007952557,159.23614806235875,12.385033738183457,3.4309129496678206,85.79710144927536,26.833333333333332,1.0777777777777777,345,25.95519297085243
0.48633380595497,0.20243570008882478,0.05771576102748878,0.7879427745809503,0.9909560856918931,0.1684926640774064,0.6294845085055718,0.7771123714788206,0.6162535346895301,0.0062638443419812595,0.022635401707083454,153.3965463659546,11.930842495129802,2.5863754215308647,81.05726872246696,35.31111111111111,1.2343979441997064,454,25.931371115969306
0.2753848686956141,0.1936839032936077,0.12331581747339122,0.7808564319544335,0.9777345478645332,0.15835328826505132,0.6743912738532616,0.5050918701559081,0.6156862986435111,0.01865753240160668,0.03989959696109331,158.8832375126383,12.357585139871867,2.8713560538239933,85.82089552238806,31.266666666666666,1.3978026533996686,402,25.91696391418652
0.49095897460868015,0.2581783745191386,0.05524698570224611,0.7928220861465937,0.8807143029241847,0.28559402858070615,0.5858788462567763,0.791281284797939,0.6030449625063887,0.007011942671589269,0.032353000150348483,152.08931486595546,11.829168934018757,2.4313881334800027,81.22362869198312,36.86666666666667,1.27725035161744,474,25.908611867645426
0.27598454093810904,0.18321063876279647,0.05485036382262444,0.7776703769235216,0.8715023971532031,0.21149239142559756,0.7163653176821486,0.622344615383338,0.6592534404449062,0.009071701207482973,0.010170810958690504,157.5449458003424,12.253495784471074,2.9335858844937777,83.08080808080808,30.799999999999997,1.3251262626262625,396,25.82066755345863
0.29715412520120355,0.36133065077485227,0.06629320314956684,0.7569649866257075,0.850026528299451,0.21343104208600436,0.6040019273934646,0.580393163341282,0.6040356971939674,0.011072523031973144,0.014956551470836892,149.5540453670258,11.631981306324228,2.711017685342011,85.07795100222717,34.922222222222224,1.3505939123979211,449,25.784572232563804
0.2545599027938806,0.17642566958305728,0.28306775282267593,0.7974052114479735,0.8575970167558391,0.2770934183007237,0.7580570103650032,0.7688196652753003,0.6069163271498409,0.015776277248943642,0.03979120774323117,163.0953591049551,12.685194597052062,3.2439667083902286,88.23529411764706,26.444444444444443,1.2926470588235295,340,25.78423912494363
0.4832375404954635,0.2604768263423116,0.21827516463690783,0.7204359419416697,0.8535302226929424,0.21870513211643317,0.7373975689695494,0.5132274201039089,0.6037000495440668,0.009172046816625059,0.037076061642162775,150.06610971306534,11.671808533238416,2.924280432681236,84.91484184914842,31.966666666666665,1.1753852392538522,411,25.51203606526755
0.4845212091512442,0.30114094098322397,0.17376795461720823,0.7604653263064427,0.9973235996111692,0.11443560295807681,0.5603796241600568,0.7000212739223257,0.6009302762539762,0.005136927193169205,0.03144556590045016,142.28825922546164,11.066864606424794,2.1943022104802243,75.54347826086956,42.93333333333333,1.172252415458937,552,25.45546902738524
0.20259324060047748,0.3952768105047645,0.2956295046369171,0.7975818870546681,0.8852948932280374,0.23692746809560272,0.6344778009430605,0.7484820807178874,0.690853238102733,0.005218765464210642,0.02994890319477171,154.63427768400223,12.027110486533505,2.579623367529321,75.70754716981132,32.977777777777774,1.4532232704402515,424,25.43080166603659
0.31791260072048566,0.16855400005985735,0.05308751127946788,0.7620236307997064,0.8576301164999475,0.14328912012719086,0.6807518416436265,0.5003726701754307,0.611430591677236,0.020341592463635493,0.03180507027553486,152.1190382698489,11.83148075432158,2.8429496079090835,85.82089552238806,31.266666666666666,1.3770729684908791,402,25.334046636806413
0.2051507929720924,0.16648696842780933,0.1635754841029997,0.7740109812756254,0.8821942268937369,0.1114956349546657,0.5794672715678111,0.7604119679732211,0.6122580672359867,0.014105424469319498,0.014977843761247781,146.26141740270256,11.3758880202102,2.684333873728965,84.93150684931507,34.06666666666666,1.472222222222222,438,25.261222434334794
0.2031203772378709,0.1756763868565403,0.20976840460679586,0.7894836726587017,0.9724412687592885,0.13802098813896174,0.6544678564685856,0.5724143509861761,0.6170533774695499,0.024116425238139765,0.011639751264284862,152.144525537874,11.833463097390199,2.7734450811032905,86.64987405541562,30.877777777777776,1.4244332493702772,397,25.099797704041226
0.2463987527414797,0.3888679560683999,0.054457524822335915,0.7746986838203026,0.9914514787886346,0.12492617139430949,0.651445096418978,0.5315627450088417,0.6151658051360755,0.008931467483541657,0.014874851236957889,144.04346675120667,11.203380747316073,2.5410923094021665,83.14606741573034,34.61111111111111,1.2941947565543073,445,24.93834314389818
0.3597246496531292,0.39390761750242065,0.20932762057776305,0.7643982179549076,0.855833578870887,0.16822817461103132,0.6096279996739731,0.7770661842084301,0.6019707669491093,0.006606258156693063,0.010576809482964859,136.408573346499,10.609555704727699,2.447837028468965,81.08108108108108,37.41111111111111,1.1964656964656966,481,24.858007539443406
0.20974595565412527,0.1731922038075677,0.10120638366861832,0.7753937580814035,0.8643435231032445,0.10980177300843877,0.6417420864356028,0.7096418902844268,0.6246384404886897,0.007189969331215587,0.016366870391485155,144.22536407572656,11.217528317000955,2.5999656973419953,82.02764976958525,33.75555555555555,1.2841781874039937,434,24.85634860057383
0.20291325883568684,0.19698818915935004,0.07376623277546597,0.79103613044068,0.9697083776410234,0.17200416820042158,0.5997213422120434,0.5857599474522363,0.6290071294576578,0.009948147522554657,0.011054933917803916,143.0123853110031,11.123185524189129,2.489944395993074,82.66666666666667,35.0,1.405925925925926,450,24.853074316175277
0.268314052564072,0.21111968884081914,0.2630597518376984,0.7679123535723084,0.891758580770646,0.2161939313193097,0.6371496364859317,0.6016282667821807,0.6244630199427766,0.024985001646300773,0.016410711411689323,147.20203322278388,11.449047028438747,2.6867152074434415,86.64987405541562,30.877777777777776,1.4752308984047022,397,24.541921887770076
0.4665329469438334,0.1767152397593944,0.05589453359900513,0.7756208010343605,0.9996496767530272,0.2996859477638272,0.6549250924022305,0.7761725545821039,0.6329862381778597,0.01998723285111788,0.03805383407181195,147.72822283959079,11.489972887523727,2.811515395973416,86.08923884514435,29.633333333333333,1.4980314960629921,381,24.52133701280389
0.22807067409207354,0.21599476899460046,0.29346291765632676,0.7596356762706392,0.8957809458566082,0.13314302935464267,0.6429279685761661,0.7574352304229908,0.6226737125590989,0.024281727139942644,0.013500269970555189,144.30046176816836,11.223369248635317,2.778739012669945,86.32911392405063,30.72222222222222,1.4793248945147681,395,24.461402829530762
0.21277534399540876,0.37406594075441213,0.19820076949557924,0.7734742852352652,0.8572047026286911,0.18863424267401052,0.6216172823630264,0.6331493972819124,0.638468534044441,0.023661073987281536,0.013404620682075399,143.24253431811783,11.141086002520275,2.666870223198137,86.51960784313727,31.73333333333333,1.5124591503267972,408,24.408159782249882
0.2705572558938991,0.24381067494685943,0.1580849808855332,0.7540767083621409,0.9173206399522544,0.15198657929069972,0.6461536888331594,0.713283361086791,0.606238259808894,0.01846068766422219,0.01696605605693617,141.55477994900264,11.00981621825576,2.880270480294414,86.4795918367347,30.488888888888887,1.425170068027211,392,24.39257940106681
0.4610104390231911,0.25805998074875913,0.26361479970317675,0.7649909021596667,0.8688393325726703,0.25587732397422236,0.6462814316637383,0.5492349411425301,0.6158507677873717,0.007993683089985406,0.015796109491124644,136.56699290380564,10.621877225851549,2.433519530089453,82.52212389380531,35.15555555555555,1.2571902654867257,452,24.277805174919344
0.22164757891521134,0.2976684076686314,0.12098051002105527,0.680059347179387,0.9030036796180433,0.18734885614035465,0.6801888589610405,0.7096926157630933,0.6388653270443495,0.01254900403004701,0.013637507037196505,134.1633447952247,10.434926817406366,3.1755845106396627,85.9375,29.866666666666667,1.3914930555555554,384,24.252762505352358
0.2248747592032211,0.15111673464776082,0.08948366502042611,0.7331634998150245,0.8591822828041772,0.18531040534986998,0.8000951264926793,0.67027164199166,0.6077369138591959,0.021919942583849737,0.03710519706674855,143.79298040164207,11.183898475683272,3.4347633387007037,88.92405063291139,24.577777777777776,1.2428797468354431,316,24.19786959752912
0.20141211299222242,0.1552040044556806,0.23683136504883773,0.7961371087714137,0.8503583698029411,0.183517035201744,0.7163683701415937,0.5378518306077277,0.661221757432625,0.01935927477755643,0.014110539362143414,144.01717100237295,11.201335522406785,2.7700181858903568,83.65122615803816,28.544444444444444,1.5535876475930974,367,23.877483005298608
0.45084962682910035,0.2344395969573453,0.1102587132544652,0.743551885320651,0.8569715899866902,0.23089945991903357,0.550970270025954,0.5349711935426416,0.6004660010027553,0.009849420305833143,0.029821653653928554,127.80737524493544,9.940573630161644,2.227674689726425,80.99173553719008,37.644444444444446,1.4457644628099173,484,23.807034120725604
0.2927220462087445,0.2257323844060303,0.2916128204194655,0.7974092739553856,0.979867985170924,0.24511694617671256,0.5942453274018427,0.5237921766900867,0.6540459898963182,0.006603213078033687,0.02039735593327096,131.99507312838622,10.26628346554115,2.16785191247246,76.97228144989339,36.477777777777774,1.3821961620469083,469,23.721431734930512
0.21248905595693685,0.3973300137231396,0.12944688594281595,0.7924962379392557,0.8834560672294524,0.26525946544684686,0.6348065383328925,0.5302919780196788,0.623059935682891,0.008944927545763755,0.030772029273345693,134.90436526103812,10.492561742525186,2.2879220941883203,81.75675675675676,34.53333333333333,1.3596096096096097,444,23.701739264235158
0.22910445999848217,0.15043583112725983,0.07314994540200222,0.7645142389474304,0.9258974467740421,0.29878487913742896,0.8211500749829508,0.5819624607227862,0.6003908097090166,0.015624925523463163,0.022238421246718293,140.8816362778851,10.957460599391062,3.2462092574596824,86.6043613707165,24.966666666666665,1.2375389408099688,321,23.691545780977094
0.27765245677458267,0.18796328328126813,0.0861446301929326,0.7647283503483272,0.8901268994054284,0.1065649936572666,0.6536596270042139,0.6037049232553626,0.6757693289695175,0.024043007337142194,0.011258309180619106,139.61288794940612,10.858780173842698,2.7273723621242354,84.63611859838275,28.855555555555554,1.646451033243486,371,23.527413786980055
0.48531405221603496,0.15217395860639576,0.29849690852822036,0.7909741328097701,0.9975895507524528,0.23182660551016007,0.5817580228547663,0.7162253792374641,0.6135899116275202,0.024091581057485576,0.025201210222359792,134.5465411963609,10.46473098193918,2.4689760186538843,84.81927710843374,32.27777777777778,1.5536144578313253,415,23.472127463691393
0.4712519494605453,0.1536465015141701,0.29391982799812977,0.7662977904652127,0.8534442652381203,0.17918667759534107,0.5692243740347437,0.7998843363593772,0.6006925930114212,0.009134379932295766,0.020570979800674575,126.19749318352697,9.815360580940986,2.2088448145476582,80.84210526315789,36.94444444444444,1.3978947368421053,475,23.469161321147414
0.48853091455074993,0.16157399191961216,0.06422877018204866,0.7540065065457616,0.888436853988061,0.28466136905125017,0.8335414406121568,0.5330233538999195,0.6027712552313804,0.005321384292105578,0.010830238447412073,132.38082718153566,10.296286558563885,2.9635195387148427,80.3763440860215,28.933333333333334,1.0138888888888888,372,23.456658969326906
0.3799155917343192,0.18239521600677283,0.05056620271085953,0.7761326737617553,0.8535552258603623,0.2373695651913701,0.8241459959786928,0.6539199927489321,0.6269315268740047,0.008102313433687228,0.03480391061312123,140.45926813362306,10.924609743726236,3.2250953264684803,85.99348534201955,23.877777777777776,1.2049402823018458,307,23.344244841107642
0.20596954087963706,0.1885074477897208,0.0513935883281343,0.7886311748792417,0.9069236498275759,0.25129949103756666,0.5905898063082407,0.5125939840502288,0.6485671363656729,0.006956551920109499,0.038081058695678544,127.93407685535558,9.950428199860989,2.145427943212492,78.11158798283262,36.24444444444444,1.4068311874105863,466,23.302395197397082
0.22713600396656525,0.2230785942305114,0.053650552535712645,0.7948499326627604,0.9990355252566203,0.1122511376957258,0.8009191626630523,0.5344794541120785,0.6183733754120639,0.010842755076904543,0.0351392529693663,139.0046257365782,10.811470890622747,2.8333326887917,84.1642228739003,26.522222222222222,1.2866568914956011,341,23.108691823761703
0.20711695924310358,0.1632314831313395,0.10758888780130156,0.7529390088413408,0.8667713630915832,0.25835851343957694,0.6100915317601112,0.5270731278004628,0.6122453643320608,0.013629812611041948,0.016003691251016167,125.49251220291433,9.760528726893336,2.3804321664678287,83.90022675736961,34.3,1.4382086167800454,441,23.09639305982899
0.23691448781961383,0.1579227787246155,0.21552584729923507,0.7811618063659693,0.8538052388897716,0.11389259424241366,0.6086372049846669,0.7139259605636152,0.6413536583454438,0.01852783401982316,0.028423195177875123,132.808487121057,10.329548998304432,2.4627847343215343,83.83084577114428,31.266666666666666,1.5825041459369817,402,23.071785133614167
0.43312764586250535,0.3468395135080171,0.05710806180234178,0.7864823568059925,0.8652677019430238,0.2315616345924484,0.6284611254719484,0.5860164888145695,0.7076385912864338,0.006694563806891372,0.03158425097864902,130.3231507059861,10.136245054910031,2.3441240667101733,76.11940298507463,31.266666666666666,1.6807628524046436,402,22.641159854997042
0.2366106694371442,0.3655565204790512,0.12127891951958487,0.7790631735969943,0.9687074163588827,0.17989383021003796,0.593001400882575,0.7880915311644499,0.6570801386612024,0.009455503472379563,0.010761392643095218,122.97705338043224,9.564881929589173,2.3583661481210547,79.43925233644859,33.288888888888884,1.5385514018691588,428,22.603836448053507
0.3385777773778953,0.376762632995545,0.1923270678943253,0.7549540123903934,0.8677416151528408,0.2669829542698774,0.8304347010331706,0.5132453961967942,0.6378534459367281,0.005359079069564474,0.01408733161987476,126.46643959628041,9.836278635266254,2.867083916703198,79.05027932960894,27.844444444444445,1.14036312849162,358,22.53155757978376
0.37876228937176615,0.2021910447779769,0.09729287091960688,0.6396651464351157,0.9153416596122455,0.2071277734068499,0.6131192182847134,0.6813541007742303,0.6145673070173864,0.012534907912662428,0.015272034308964868,110.52766546027186,8.596596202465589,2.644729370395807,85.1508120649652,33.52222222222222,1.4149265274555298,431,22.26661049881276
0.21155333951430966,0.2112207160564711,0.05851987592223075,0.724881216776073,0.8815511401872512,0.1827473919905983,0.5729876967253171,0.7590664408176054,0.6118221981153357,0.019699043347375992,0.01072669750830126,115.29005904447413,8.967004592347989,2.361271177856943,84.0909090909091,34.22222222222222,1.5270833333333336,440,22.24510250361743
0.4047254805474466,0.3880639289249923,0.06717325553972585,0.6896985597676567,0.9787819749965418,0.2275950021067363,0.5679727048880036,0.5291416496271898,0.6032229527856552,0.008119743381937916,0.01178004117952504,103.84299558926928,8.076677434720944,2.092694979296377,80.43912175648703,38.96666666666667,1.3378243512974053,501,22.003734059980367
0.21336969768845007,0.1704363229367498,0.2945357483650444,0.6072585033585468,0.8525006868800633,0.26768632474339754,0.7072860826650662,0.7837957764183094,0.6308246425288907,0.02499998340260451,0.01159959141198644,108.5099885271731,8.439665774335685,3.0776605908856816,87.05234159779614,28.23333333333333,1.418732782369146,363,21.65332028944038
0.30324835656438914,0.2994958636288053,0.050661243447033696,0.6925398618559641,0.940980420479352,0.16344601322484434,0.6505971088944456,0.66987863769566,0.7321171842518298,0.016159050759123515,0.021198728177617955,118.87727363780951,9.246010171829628,2.858024541579922,80.71216617210682,26.21111111111111,1.9802176063303658,337,21.51483703276725
0.21028396254021783,0.21051070259882404,0.10896170929822803,0.7724162312921778,0.9089181664307397,0.10890894861566013,0.8202172388863913,0.7608431073923646,0.6170871171772359,0.017499375195899204,0.011458069309072089,115.67795981548055,8.997174652315154,3.1833904723639574,85.96491228070175,22.166666666666664,1.3578947368421053,285,20.905622263709738
0.35110480061784943,0.22680615821301583,0.17219292303644773,0.7338186893801706,0.870832365591729,0.10410355273165679,0.833222279558567,0.6321731790517001,0.6021800658654678,0.01620927323822367,0.011955627210592958,109.90122247415583,8.547872859101009,3.097717879216487,86.19528619528619,23.099999999999998,1.29320987654321,297,20.518308617533982
0.44187552151567655,0.2178601563286046,0.12623020043084493,0.7364180295615703,0.9895757542189852,0.22379687856324548,0.8428560159032585,0.5103319211376862,0.6167479931038384,0.005478613598803812,0.03439386996488355,109.03540604280933,8.480531581107392,2.640687967619179,78.90173410404624,26.91111111111111,1.111271676300578,346,20.48968529412353
0.20328144795142933,0.16035111115624726,0.2899761999499033,0.500742032208612,0.9986699919016804,0.2663521193823146,0.6461359226788586,0.7928008823494985,0.6214274883358502,0.00742365444443198,0.02061048533828077,81.22413018190768,6.3174323474817085,2.6937931101827415,82.66978922716628,33.21111111111111,1.2857142857142858,427,20.007796345624968
0.23765192137850555,0.1541545344159965,0.26460755166211075,0.7745260642694068,0.9952997174027555,0.2853834784572905,0.8100044930635004,0.7699449603701063,0.6692422523867758,0.02430491532081816,0.01648485228959927,110.41583518807911,8.587898292406154,3.0310206941383027,84.38661710037175,20.92222222222222,1.5907682775712517,269,19.880495236238314
0.4978897297446919,0.1577615387413675,0.08031291171289907,0.7884908837011768,0.9601282680052001,0.2863965885889749,0.690129786355735,0.7131904363395196,0.8085295254827745,0.012608126123468934,0.010054666569935273,110.28807194525312,8.577961151297465,2.6157638094288878,73.12925170068027,22.866666666666667,2.3846371882086164,294,19.52615543682191
0.36392119148700763,0.3762456641580446,0.09601248420755913,0.730919399560603,0.9244031749556911,0.13075411947301863,0.6010476263516262,0.7252413963987208,0.7128133279315969,0.02268558287963584,0.03434988231070967,101.31843640492369,7.880322831494064,2.239719363200831,77.68361581920904,27.53333333333333,2.0435499058380415,354,19.24309489122906
0.23672850893872452,0.2238859609432464,0.13425698566825195,0.7010048338728818,0.9723783046875777,0.13766300394488565,0.8384501083591596,0.7715342612748232,0.6029806018232542,0.012236105965269972,0.03257114729538957,99.08469873724466,7.706587679563474,3.101408195160739,86.08058608058609,21.23333333333333,1.2805250305250304,273,19.217737403218283
0.3086881291201467,0.3902106474858171,0.2860374057336292,0.737419890517893,0.9922297298865154,0.10529424033338604,0.8387256917380981,0.6505219972848426,0.6178197449979322,0.009064303461885508,0.03206468008335351,101.65871317303395,7.9067888023470845,2.8112653446124134,84.13793103448276,22.555555555555554,1.2540229885057472,290,19.1682083804608
0.47845873767200753,0.33995508279563136,0.06361479130611465,0.4435989235083956,0.9711280481774673,0.11975435989576898,0.7103954430943257,0.558024809684383,0.7051421803787333,0.016596006202929295,0.020552891304278276,71.32899450452108,5.547810683684973,3.058623946302221,83.33333333333334,26.599999999999998,1.7709551656920077,342,18.315058576289413
0.4974697232384461,0.2635196345402993,0.1335555766682981,0.46478926639777834,0.9451850134170723,0.14618940311511744,0.581827247476354,0.5514549151795541,0.6709071357419368,0.008141128512263864,0.025329909350554958,63.68904163308222,4.953592127017505,2.2396484276443074,78.08219178082192,34.06666666666666,1.5675418569254187,438,17.949555648972787
0.3692563449324312,0.3783989748578222,0.15177790343613806,0.7671924865407822,0.9387206324238697,0.11809981557819699,0.7814357890008684,0.6666443363824017,0.8437487444726951,0.005591020409236316,0.03503189341099331,98.37105122231664,7.651081761735738,2.5043968345102208,67.55725190839695,20.377777777777776,2.4087150127226464,262,17.754319875200622
0.23104845398346247,0.3848036378367803,0.2750751918644373,0.5572163669308438,0.9604709911028743,0.22492480323795233,0.7153700624211824,0.6037216767421352,0.8014306604684291,0.01005087887975825,0.019062084362934724,71.06788301288982,5.527502012113652,2.6128924158854683,75.52447552447552,22.244444444444444,2.386946386946387,286,16.314397954995698
0.26593253438183095,0.3735639728194464,0.08308417680030471,0.7226006157716773,0.9076777866609578,0.21849159299742005,0.7971418364072725,0.7980719967848734,0.7860385691515159,0.018935539183773886,0.021550399498991762,81.6200381401547,6.348225188678699,2.593868035061688,76.72413793103449,18.044444444444444,2.4141522988505746,232,16.047072369913188
0.20706245473625057,0.22443168094015556,0.18722828999155966,0.4700073127731561,0.9486979727903356,0.18232027768663622,0.7966514298974623,0.5227983786911199,0.6432690298348062,0.023158019839956853,0.03082824024914141,61.19415969940694,4.759545754398317,2.513775287748166,83.9622641509434,24.73333333333333,1.495020964360587,318,15.970429663227982
0.26239378489634196,0.28731805627961127,0.2578308951086583,0.5351651243945599,0.8514942290699538,0.25737396464533996,0.6157146023668906,0.6429643980927369,0.7743011705399668,0.012408412706915544,0.023246173474840037,63.893811229048026,4.96951865114818,2.2679352225519005,74.84848484848486,25.666666666666664,2.2770202020202017,330,15.922055762918648
0.21241185243732488,0.28668885870422167,0.14997485692365686,0.4636605384986315,0.9248447556625906,0.1137364774071553,0.5713452702467464,0.5029833861421263,0.7362856240746691,0.013333930123308663,0.01577483898728365,53.2780809702444,4.1438507421301205,2.0105570923221068,75.38071065989847,30.644444444444442,2.0560490693739424,394,15.826076037885446
0.23518554248698137,0.3948886022177668,0.19226177829302016,0.4023773568381291,0.8753028694654432,0.13953616039537112,0.6190587919215755,0.6294797541359609,0.7517697200099368,0.013795889868080884,0.02132154045263654,48.358290547205684,3.7612003758937753,2.32846048407504,76.36887608069163,26.988888888888887,2.1193563880883763,347,15.165343566266076
0.4017551276794718,0.3442124737411556,0.0656309850533283,0.4100695505968694,0.9397149309164727,0.11481634372453298,0.8019979186357356,0.7966697860779517,0.7702130125619142,0.005308849360147139,0.03831259689651059,51.03755349442019,3.969587494010459,2.960821092196801,75.2851711026616,20.455555555555556,1.94106463878327,263,15.00511856729295
0.31450425226358864,0.15131369242521037,0.0794155763820006,0.4199849602672625,0.890767825839476,0.2878091982592046,0.7042996716161336,0.6651961651463538,0.8184830639111897,0.01538592362252672,0.024120350799090758,51.7295790976142,4.023411707592215,2.781012848364355,74.72118959107806,20.92222222222222,2.633209417596035,269,14.815992959876478
0.4252295362882611,0.28174429019223746,0.14322208692597443,0.47448728731385104,0.9447553026170931,0.2652055488006301,0.8436154090772199,0.6047373216036178,0.6441137806691155,0.017565098364968047,0.03139942151674651,53.69202719185693,4.17604655936665,2.6593210376846135,83.39483394833948,21.077777777777776,1.450492004920049,271,14.76413307918032
0.4398343904773736,0.151162075034195,0.2324337394072986,0.6104847656558646,0.9404709207207124,0.15461245541936727,0.7192631382877119,0.5015692692304395,0.8480160132702296,0.008100641681262611,0.038175047586501795,60.722438427719226,4.722856322155939,1.9864222748785076,66.07773851590106,22.01111111111111,2.6696113074204946,283,14.198478649690731
0.38301188749716747,0.20238952378113811,0.18385967852347723,0.443743524065224,0.9720892895594325,0.17450918349326378,0.7854327392889435,0.5589592715000431,0.7966784949727668,0.00740697939147166,0.019437326707922704,46.61305233205164,3.625459625826238,2.4156651344925866,72.62773722627736,21.31111111111111,2.211374695863747,274,13.784567672589189
0.24072801595227414,0.3003685359734609,0.18110065670739628,0.4284036190878329,0.9124277087634832,0.22916398633005042,0.7970129663555564,0.6553800552830792,0.8444246814586251,0.007515428642334263,0.01857539618916654,40.29867691820031,3.134341538082246,2.401837929856838,68.59504132231406,18.822222222222223,2.6081267217630857,242,12.643572953351478
