candles_to_trough,trough_pnl,candles_to_recovery,bounce_speed_10candles,entry_volume_ratio,trough_volume_ratio,volume_spike_at_trough,volume_increase_after_trough,entry_rsi,trough_rsi,rsi_change,rsi_divergence,trough_rsi_oversold
67,0.010816201576885261,0.0,0.003906524417913622,1.7543866380388624,1.347038971363499,False,0.8294330592110625,19.496803409276993,17.206438653356912,-2.2903647559200806,False,True
66,0.009666731851138696,0.0,0.003906524417913622,0.5590506248374976,1.1965903436241063,False,0.8294330592110625,19.496803409276993,17.206438653356912,-2.2903647559200806,False,True
65,0.008736648943678484,0.0,0.003906524417913622,1.831479607781713,1.2770342667657433,False,0.8294330592110625,19.496803409276993,17.206438653356912,-2.2903647559200806,False,True
76,0.007938666793242295,0.0,0.001360842157951622,1.1857579657756165,0.4352878994983759,False,0.4998421089401737,67.9986833087872,43.95146476468461,-24.047218544102584,False,False
9,0.0072100259086048165,0.0,0.009562067430282916,2.140341482387558,3.2160335507291307,True,0.44155659184279866,40.08590673669299,20.375097877755238,-19.710808858937753,False,True
8,0.007897700413045846,0.0,0.009562067430282916,1.4793545352332436,3.2728367866730914,True,0.44155659184279866,46.073692557760936,20.375097877755238,-25.698594680005698,False,True
7,0.007359601449275362,0.0,0.009562067430282916,0.531932001716483,3.1692943949049894,True,0.44155659184279866,42.49439146322972,20.375097877755238,-22.11929358547448,False,True
6,0.007781795745659512,0.0,0.009562067430282916,0.5306715987830539,3.1860734724511817,True,0.44155659184279866,46.0362521324997,20.375097877755238,-25.66115425474446,False,True
5,0.007416700221231894,0.0,0.009562067430282916,0.8851234202758342,3.3250130399181765,True,0.44155659184279866,43.538776265964266,20.375097877755238,-23.16367838820903,False,True
4,0.007961979608206726,0.0,0.009562067430282916,0.7160772231528882,3.341810854820004,True,0.44155659184279866,48.07077048996762,20.375097877755238,-27.695672612212384,False,True
70,0.010222614338792381,0.0,0.0031393910122228053,2.6951256359764497,3.7853664359836543,True,0.9562665874101962,23.774178484788138,8.788192448681983,-14.985986036106155,False,True
69,0.010184248608260362,0.0,0.0031393910122228053,1.371982260766729,3.3800067014881243,True,0.9562665874101962,23.617672214689136,8.788192448681983,-14.829479766007154,False,True
9,0.00694636306251089,12.0,0.0028320383414422146,1.479807321312793,2.8271229858036704,True,0.7923092629750786,47.79263488577797,26.926336541654592,-20.86629834412338,False,True
5,0.006159902950399441,12.0,0.0028320383414422146,0.8321526872579771,2.879852058286896,True,0.7923092629750786,45.819061995269614,26.926336541654592,-18.89272545361502,False,True
3,0.007128934565454291,12.0,0.0028320383414422146,0.21322639137883842,2.8472510208882285,True,0.7923092629750786,51.4495891533741,26.926336541654592,-24.523252611719506,False,True
8,0.006491289542959309,13.0,0.003921798702060637,0.4684809308293014,0.43516194425097415,False,2.4258929619801326,69.9240141825909,49.03826793262002,-20.88574624997087,False,False
5,0.006004957430757625,,,0.47887276683220426,2.913537818153561,True,1.5809569220988302,59.66312062273592,37.66569107141678,-21.997429551319136,False,False
4,0.005968105725656795,,,0.8913241784035952,3.0120846259302647,True,1.5809569220988302,59.483990444280444,37.66569107141678,-21.818299372863663,False,False
3,0.006514601842356976,,,1.1174133745310086,3.098747634498983,True,1.5809569220988302,61.33870099360177,37.66569107141678,-23.67300992218499,False,False
8,0.006874843637514693,0.0,0.006577126577126627,1.1769474484226492,2.12331642477905,True,0.7109178822816913,42.63250582383674,29.932818376478693,-12.699687447358045,False,True
7,0.006093354794205565,0.0,0.006577126577126627,0.7111263989157464,2.2897785291822297,True,0.7109178822816913,40.41523522997749,29.932818376478693,-10.482416853498798,False,True
10,0.008441912747246724,5.0,0.002794850931547384,0.6214197774134117,2.7651385236230483,True,2.6241220543740202,34.36047949182331,24.831123088064572,-9.52935640375874,False,True
9,0.00636735943914633,5.0,0.002794850931547384,1.3285503965676362,2.798797410106779,True,2.6241220543740202,30.960401661930604,24.831123088064572,-6.129278573866031,False,True
8,0.006139902540700922,5.0,0.002794850931547384,1.3280128203447157,2.733791018876806,True,2.6241220543740202,30.603658957598,24.831123088064572,-5.772535869533428,False,True
7,0.006280524547812147,5.0,0.002794850931547384,0.45293482975873584,2.6510261190651203,True,2.6241220543740202,31.13194271351088,24.831123088064572,-6.300819625446309,False,True
86,0.025669141952118505,,,1.5160507567465313,3.5107580458072403,True,0.4268193684383002,39.92852614612762,27.256603172368997,-12.671922973758626,False,True
73,0.022519788033270753,13.0,0.0,0.614659470897363,2.8418906214291604,True,1.0134802115871988,44.03145678142012,29.995133668310274,-14.036323113109844,True,True
72,0.021455617735614392,13.0,0.0022401767478902506,0.5168570637012949,2.780083602989839,True,0.6521734154114289,40.83819232231107,29.995133668310274,-10.8430586540008,True,True
71,0.021048866018165253,13.0,0.0022401767478902506,0.3770331272168422,2.7620649568119116,True,1.0017113051385462,39.65615195216877,29.995133668310274,-9.661018283858496,True,True
53,0.008386906898528635,13.0,0.0022401767478902506,1.5022780046014577,2.161970892754977,True,5.9247469737763065,35.571770001473396,29.278986118681743,-6.292783882791653,True,True
95,0.008748843854154267,,,0.3946407922174703,2.0452216093236366,True,5.9247469737763065,35.03996695396913,29.278986118681743,-5.760980835287384,True,True
56,0.010584290370471493,,,1.1134327178013856,2.598245296649819,True,0.45465095664743826,61.56375031204677,31.66886981297418,-29.894880499072592,False,False
9,0.00936715132669275,,,1.1948157066316791,1.5880751692118922,True,1.4926152526958851,39.819691655172726,31.120274680860874,-8.699416974311852,False,False
8,0.008760847414742177,,,1.401394336316659,1.5270812749970128,True,1.4926152526958851,38.83235444403585,31.120274680860874,-7.712079763174977,False,False
7,0.007995134140488911,,,0.48427793355918586,1.4813621972658142,False,1.4926152526958851,37.56722168480759,31.120274680860874,-6.446947003946718,False,False
9,0.010432008167953595,4.0,-0.0019179372965564003,0.44710599603417733,1.610181165501426,True,1.091559688311369,58.24519093674518,29.229845626637157,-29.015345310108025,False,True
8,0.009542106621225632,4.0,-0.0019179372965564003,0.6933045995671121,1.7192051436256175,True,1.091559688311369,55.1304894471974,29.229845626637157,-25.90064382056024,False,True
7,0.008676796983406692,4.0,-0.0019179372965564003,0.2988887688948554,1.7382588319249763,True,1.091559688311369,52.21191605425319,29.229845626637157,-22.98207042761603,False,True
6,0.0077989704881224935,4.0,-0.0019179372965564003,0.4055696282300456,1.8021497819226526,True,1.091559688311369,49.3620147522732,29.229845626637157,-20.13216912563604,False,True
4,0.007346765989116433,4.0,-0.0019179372965564003,0.20235686296184904,2.1513075299165973,True,1.091559688311369,47.87504248620679,29.229845626637157,-18.64519685956963,False,True
3,0.007187464788251483,4.0,-0.0019179372965564003,1.189260636249447,2.247216993525214,True,1.091559688311369,47.30850293451318,29.229845626637157,-18.07865730787602,False,True
95,0.009347958184938191,,,6.8414632197580545,1.3113109133983825,False,1.042942274319767,70.04017845269075,44.241052062915145,-25.79912638977561,True,False
94,0.00887269853918552,,,0.9350272009051376,0.9142439488989075,False,1.042942274319767,61.857737551181,44.241052062915145,-17.61668548826586,True,False
9,0.009342437428970568,,,0.4590600549486759,7.071811268644788,True,0.7109006264481249,48.170855847703784,24.33446603015328,-23.836389817550504,False,True
8,0.009957898559740665,,,0.4461717736857456,7.139320394066399,True,0.7109006264481249,51.467575373869536,24.33446603015328,-27.133109343716256,False,True
7,0.01076956935162498,,,0.18758869538056513,7.067459891481443,True,0.7109006264481249,55.493974626520995,24.33446603015328,-31.159508596367715,False,True
6,0.008910575290910782,,,0.26225299425519655,7.087839887709546,True,0.7109006264481249,46.07553742606615,24.33446603015328,-21.74107139591287,False,True
4,0.007672097663570301,,,0.4269579950939483,6.745487191158991,True,0.7109006264481249,41.96208559244884,24.33446603015328,-17.627619562295557,False,True
10,0.011209854993621189,0.0,0.005935544409415937,0.21069516344392247,2.048449844518673,True,0.900369964779353,68.33054527915765,24.539652084796472,-43.790893194361175,False,True
9,0.010911931680657893,0.0,0.005935544409415937,0.6000267017604088,2.05780022056581,True,0.900369964779353,66.32267275252077,24.539652084796472,-41.7830206677243,False,True
8,0.009965805982157027,0.0,0.005935544409415937,0.3554725056682891,2.0213935560190146,True,0.900369964779353,60.27306146452527,24.539652084796472,-35.7334093797288,False,True
6,0.009209257916910171,0.0,0.005935544409415937,0.3874256298131037,2.262586217675905,True,0.900369964779353,55.62464377971433,24.539652084796472,-31.08499169491786,False,True
5,0.0086638933062077,0.0,0.005935544409415937,1.287337914498052,2.525656928956943,True,0.900369964779353,52.455272990698546,24.539652084796472,-27.915620905902074,False,True
4,0.006746217667563833,0.0,0.005935544409415937,1.3724298412722613,2.5882910015270344,True,0.900369964779353,43.164935364393614,24.539652084796472,-18.62528327959714,False,True
89,0.015604009420530238,,,0.9960312469780909,2.5055502918318644,True,1.482807565302355,27.559834053053393,17.180937699570322,-10.378896353483071,False,True
88,0.014705352255304071,,,1.5031130154745393,2.434148997688846,True,1.482807565302355,25.554378084392212,17.180937699570322,-8.37344038482189,False,True
87,0.01480115505672605,,,1.777348530324851,2.415650513851711,True,1.482807565302355,26.170661249681842,17.180937699570322,-8.98972355011152,False,True
86,0.014828405898170114,4.0,0.0,1.465335992790428,2.312260357170986,True,1.482807565302355,26.35743278806015,17.180937699570322,-9.17649508848983,False,True
85,0.015697164645201777,4.0,0.0,2.100852424592978,2.25269656159116,True,1.482807565302355,32.24732414541249,17.180937699570322,-15.06638644584217,False,True
84,0.014792071107892322,4.0,0.0,0.6474719091308689,2.096749013439032,True,1.482807565302355,29.592010785374853,17.180937699570322,-12.411073085804532,False,True
91,0.022011523069157594,,,0.3975092116381308,2.71922601621218,True,0.7001921984886209,63.933844177849295,28.36980419677792,-35.564039981071375,False,True
81,0.016670341823225507,4.0,0.003356688158558362,0.7934465600360551,1.060371284312926,False,0.804373999822004,42.11139682386798,33.21198321699647,-8.899413606871505,False,False
80,0.015711865449144526,4.0,0.003356688158558362,0.25920372303988504,1.0683315665320525,False,0.804373999822004,38.850273427551826,33.21198321699647,-5.638290210555354,False,False
79,0.01653956228956224,4.0,0.003356688158558362,0.24102454284094216,1.2169043023428714,False,0.804373999822004,42.95780249780247,33.21198321699647,-9.745819280805996,False,False
78,0.017019468609601324,4.0,0.003356688158558362,7.96188976903143,1.2964345510729849,False,0.804373999822004,45.25692699007683,33.21198321699647,-12.044943773080355,False,False
77,0.01990800976106527,4.0,0.003356688158558362,1.1862996118096278,0.9449713283856304,False,0.804373999822004,56.627399843223465,33.21198321699647,-23.415416626226992,False,False
33,0.012540214704189078,16.0,0.008729266067139535,0.6694414647904089,14.575183998333497,True,0.8847243730893929,48.555640892741906,19.084061087296007,-29.4715798054459,False,True
32,0.011690936283253305,16.0,0.008729266067139535,0.7245656057615737,14.469789921364315,True,0.8847243730893929,44.490716725280315,19.084061087296007,-25.406655637984308,False,True
30,0.011948802705402078,16.0,0.008729266067139535,0.2973871409388214,16.989034033126526,True,0.8847243730893929,46.00264939633678,19.084061087296007,-26.91858830904077,False,True
92,0.012549861558865782,,,0.3362343816163597,12.717306277462262,True,3.2168947282134184,47.014498385931006,23.62961488295943,-23.384883502971576,False,True
91,0.01335793991705386,,,0.34998332947346816,12.920992158829776,True,3.2168947282134184,52.27976500184598,23.62961488295943,-28.65015011888655,False,True
53,0.014781018664232091,0.0,0.0036382821278811883,0.923377537430373,1.2778619482852143,False,1.5987649563021025,42.42473606970148,35.7184258571519,-6.706310212549582,False,False
52,0.014315249535474176,0.0,0.0036382821278811883,1.153696978382079,0.8937749078841509,False,0.932158783536808,41.03323117388109,34.997074720036906,-6.036156453844185,False,False
51,0.014950582339566658,0.0,0.0036382821278811883,0.6478106012989734,1.7659791574520256,True,1.7761297698902327,43.744190387676845,32.58753708880815,-11.156653298868697,False,False
50,0.014985485262965215,0.0,0.0036382821278811883,0.5312993203245076,1.806304985279055,True,1.573407240048543,43.89689184803086,32.58753708880815,-11.309354759222714,False,False
22,0.010185664789475067,0.0,0.0036382821278811883,0.25893897697558493,0.9431054613751536,False,0.3879482268290436,50.49386167928748,31.76190951200077,-18.731952167286707,False,False
28,0.008543889511278243,0.0,0.0047223030150153975,0.0745489130322506,0.6010627968424945,False,3.248894291549159,54.8614214357068,34.45684988387033,-20.40457155183647,False,False
4,0.006524109114744658,0.0,0.0047223030150153975,0.658267442179241,14.527661903873346,True,3.4790539028474887,55.30963092335354,35.121702331412706,-20.187928591940832,False,False
9,0.006159819233159502,14.0,0.00499306448166746,1.1044436587302116,2.1220760867873256,True,1.0895658555378718,76.9680059966768,44.07680743897504,-32.891198557701756,False,False
8,0.007500708329960333,14.0,0.00499306448166746,1.3332985297421256,2.0650422315882353,True,1.0895658555378718,79.36440124137171,44.07680743897504,-35.28759380239667,False,False
9,0.012856850557980031,3.0,0.0076320581953949924,0.3550969654379169,2.8070792116667844,True,0.936767364864193,53.61271747930196,25.114237759596378,-28.498479719705585,False,True
8,0.013056305685064124,3.0,0.0076320581953949924,0.41597391154099567,2.8026201737462118,True,0.936767364864193,54.643890614186944,25.114237759596378,-29.529652854590566,False,True
6,0.010896918295378902,3.0,0.0076320581953949924,1.7202824968348784,3.38514289376103,True,0.936767364864193,42.82497229112277,25.114237759596378,-17.71073453152639,False,True
5,0.013010793978713903,3.0,0.0076320581953949924,1.0744741825862403,3.2070675554096124,True,0.936767364864193,53.52158533431517,25.114237759596378,-28.40734757471879,False,True
49,0.006518835294655467,6.0,0.0031795436629327074,0.5393898513556706,1.1771137325349994,False,0.24982692082650182,42.50150939258728,32.64896924472592,-9.852540147861362,True,False
17,0.008569094661295166,6.0,0.0031795436629327074,1.2637242008611218,1.8482861274541418,True,0.970816984398086,60.46159585488422,35.689253325614104,-24.77234252927012,False,False
18,0.007111284550208581,7.0,0.00444504663953961,0.2296250232178543,3.175527689000437,True,1.3743207004890536,56.321706855431074,36.38969823126352,-19.93200862416755,False,False
17,0.006748849349492814,7.0,0.00444504663953961,0.5450860230802583,3.24961139788096,True,1.3743207004890536,54.30207186906495,36.38969823126352,-17.91237363780143,False,False
92,0.010133712779091399,,,1.843648689626764,0.6947184553140483,False,0.5735275229454386,73.28451205867972,36.740060626084755,-36.54445143259497,True,False
90,0.007720948034049676,,,0.45970899454886954,0.4988642196494913,False,0.5735275229454386,59.34368978837268,36.740060626084755,-22.603629162287923,False,False
37,0.011453929701560303,15.0,0.005033606624337532,0.7552406567889344,0.2501503284707642,False,1.1534177215189874,53.62308163171877,39.646197504301185,-13.976884127417584,True,False
35,0.011350017016840235,15.0,0.005033606624337532,0.442295266011231,0.2723208990121694,False,1.1534177215189874,53.13621053711712,39.646197504301185,-13.490013032815938,True,False
8,0.00660564882535461,15.0,0.005033606624337532,5.21289089742845,10.636912097018326,True,4.9826377427508,52.169711217157634,33.164391997678464,-19.00531921947917,False,False
7,0.009055830759770952,15.0,0.005033606624337532,3.471467247809909,8.763230313601477,True,4.9826377427508,59.764122199756386,33.164391997678464,-26.59973020207792,False,False
6,0.008753644472280438,15.0,0.005033606624337532,1.7488097723133003,7.699626407611738,True,4.9826377427508,58.527178685040106,33.164391997678464,-25.36278668736164,False,False
5,0.006974463890554908,15.0,0.005033606624337532,0.6840388080680188,7.331317112237478,True,4.9826377427508,51.750145281637046,33.164391997678464,-18.58575328395858,False,False
79,0.007499868340057318,0.0,0.0032315588030619345,1.157948191967827,0.9156732692851794,False,1.2264378178687538,59.41093631211793,42.22506426945476,-17.18587204266317,True,False
66,0.007054954014966754,0.0,0.0032315588030619345,0.7918417224447205,0.75852174254926,False,1.1363335086796422,58.54214025372944,50.41875258655839,-8.123387667171052,True,False
9,0.014755501025135937,,,0.6036510164975848,18.87406821259434,True,1.6361344116615855,45.74998475432844,13.912969936079236,-31.8370148182492,False,True
6,0.014923737467271735,,,0.9510728077693944,17.419197654079856,True,1.6361344116615855,46.77855553979006,13.912969936079236,-32.86558560371083,False,True
4,0.012260380392931761,,,4.468901861663119,15.754249478140261,True,1.6361344116615855,34.78074808746949,13.912969936079236,-20.867778151390254,False,True
3,0.007728169696264287,,,6.610711289004314,13.195001155751184,True,1.6361344116615855,23.252015431028326,13.912969936079236,-9.33904549494909,False,True
2,0.0068468453036070916,,,3.878345794474827,10.14969045291626,True,1.7042320551964678,21.75043944113905,13.912969936079236,-7.837469505059815,False,True
95,0.018579521549496276,,,1.09112514154371,10.73368162233613,True,2.551093950546071,61.59339549271629,26.2267895987562,-35.36660589396009,False,True
21,0.011949229999827572,10.0,0.006291907700162649,0.36130179127514817,1.635856349301756,True,0.8090959248001274,39.23762349426949,31.505659158883716,-7.731964335385776,False,False
95,0.012343886898682587,,,1.2205785267821674,1.14847183572481,False,0.8090959248001274,44.81019262933873,31.505659158883716,-13.304533470455013,True,False
94,0.009924591123822681,,,0.9705705694138319,1.096599901758034,False,0.8090959248001274,38.85659310315464,31.505659158883716,-7.3509339442709205,True,False
93,0.011461548506833452,,,0.6027675205555189,1.0694180116784922,False,0.8090959248001274,43.94720310123677,31.505659158883716,-12.44154394235305,True,False
89,0.009150453708551559,0.0,0.0,1.4558826149097321,0.7551305052255353,False,0.8090959248001274,42.66655033492015,31.505659158883716,-11.160891176036436,False,False
81,0.007303880892696604,0.0,0.009963334439106223,0.7960100651193992,2.0013948477246375,True,0.7696812377218385,40.972446627147676,30.949697178276296,-10.02274944887138,True,False
73,0.006668643204982964,0.0,0.009963334439106223,0.9488407718971995,1.421413162781432,False,0.7696812377218385,48.89730024865347,30.949697178276296,-17.947603070377177,True,False
77,0.022000336858834606,9.0,0.0,1.0981004910388843,5.153578562400757,True,1.477838697826288,64.44091748279966,24.47917572088386,-39.9617417619158,False,True
75,0.020708718349668132,9.0,0.003410191959952311,0.46086419633875575,4.788457464120567,True,1.477838697826288,56.6608409127998,24.47917572088386,-32.18166519191594,False,True
74,0.018528005242450327,9.0,0.003410191959952311,1.0151478096686033,4.780276779624237,True,1.477838697826288,46.15871014418759,24.47917572088386,-21.67953442330373,False,True
73,0.017626236335242112,9.0,0.003410191959952311,2.144946351805719,4.6118584572152,True,1.477838697826288,42.64938417753875,24.47917572088386,-18.17020845665489,False,True
95,0.020551672975858623,,,0.6021200458026402,1.4873826857158474,False,1.395053977201238,53.140402271583476,37.53327875144181,-15.607123520141663,True,False
95,0.024236803676353596,,,0.5140776116247766,1.4571527056226954,False,1.395053977201238,57.272846026485304,37.53327875144181,-19.73956727504349,True,False
94,0.023943799699025933,,,0.5896888085286641,1.4718473152315439,False,1.395053977201238,56.369316781581844,37.53327875144181,-18.83603803014003,False,False
78,0.02436256408526422,3.0,0.0024349478724732475,0.7825945332977077,0.7417116559955643,False,0.9467163045169208,59.65325475093148,29.997224506694664,-29.656030244236817,False,True
63,0.01735531214035496,3.0,0.0024349478724732475,2.2641628876140056,2.890514447337195,True,2.77669166413802,43.57089807429301,27.59131511240375,-15.979582961889264,False,True
62,0.015421895827350162,3.0,0.0024349478724732475,1.1026486198632164,2.720027389812004,True,2.589207532681458,38.65916375172007,27.59131511240375,-11.067848639316324,False,True
61,0.01440754980775955,3.0,0.0024349478724732475,0.5245754481052883,2.613064642796109,True,2.589207532681458,36.35083668396734,27.59131511240375,-8.759521571563589,False,True
60,0.014807859441942963,3.0,0.0024349478724732475,0.7220613070534796,1.565269637180352,True,0.9819225620326711,37.92512606545197,33.443027901706785,-4.482098163745185,False,False
9,0.008779314914641156,3.0,0.0024349478724732475,1.226467935881544,5.80150678241183,True,0.6533637276334604,49.597701933780634,27.75923952982471,-21.838462403955923,False,True
6,0.008429010989011014,3.0,0.0024349478724732475,0.8808617896333613,5.598432949588251,True,0.6533637276334604,49.552490921071914,27.75923952982471,-21.793251391247203,False,True
7,0.006532095977767352,6.0,0.0024602491235974923,0.7120481087271184,0.6640343279446443,False,0.9692548119899185,58.6535011110167,38.26533816447297,-20.38816294654373,True,False
35,0.01802761224336833,12.0,0.003994967919600298,0.5321970969520374,13.210933830094442,True,4.16385300682525,50.949169896799056,20.58790955581864,-30.361260340980415,False,True
34,0.018299674153583387,12.0,0.003994967919600298,0.1716093173530984,13.550121106691105,True,4.16385300682525,52.72611369226569,20.58790955581864,-32.13820413644705,False,True
33,0.01803788146833818,12.0,0.003994967919600298,0.34181432545761864,14.223909375182139,True,4.16385300682525,50.81834025997052,20.58790955581864,-30.23043070415188,False,True
32,0.018508323867793604,12.0,0.003994967919600298,0.4017730221913683,14.464320305620813,True,4.16385300682525,54.03741754188897,20.58790955581864,-33.44950798607033,False,True
30,0.01735022512996317,12.0,0.003994967919600298,2.214510681537074,23.008056152643537,True,4.16385300682525,45.82329494622898,20.58790955581864,-25.235385390410336,False,True
9,0.011756038520233596,12.0,0.003994967919600298,1.1697961240343178,5.781600084878518,True,0.735759868048126,42.16213726820425,19.99846702978705,-22.163670238417197,False,True
8,0.011456921396517866,12.0,0.003994967919600298,0.8560305520214891,5.83718758149249,True,0.735759868048126,41.261104667180355,19.99846702978705,-21.262637637393304,False,True
6,0.007769467919573621,12.0,0.003994967919600298,2.3484224925248016,5.562147741892941,True,0.735759868048126,31.85183823681652,19.99846702978705,-11.853371207029468,False,True
65,0.009876908832199703,,,1.038031758661119,0.42477055735912517,False,1.0491063700717078,58.37136013479506,37.45508828352327,-20.916271851271794,True,False
95,0.013090320048429669,,,4.542955465718985,1.9969015498910119,True,1.4075149528589688,31.105867247799125,21.467232542316523,-9.638634705482602,False,True
79,0.013079380085986402,0.0,0.0018686702589660402,2.8875575022107314,0.4711968177081279,False,1.408446564332823,53.97175754060465,43.567378052094114,-10.404379488510536,True,False
10,0.010035923577764921,8.0,0.003312148265153802,1.0042446349706535,1.8878238538401637,True,2.030471904049095,62.46644344204159,39.31973327698204,-23.146710165059545,False,False
9,0.01091039845530431,8.0,0.003312148265153802,0.5792729738983639,1.8203063268557529,True,2.030471904049095,64.11024075946747,39.31973327698204,-24.79050748248543,False,False
8,0.008767794542198141,8.0,0.003312148265153802,0.4627465597815661,1.835316215035862,True,2.030471904049095,57.47672405754837,39.31973327698204,-18.156990780566325,False,False
7,0.009662419476412765,8.0,0.003312148265153802,0.6034606675189286,1.8166452463092995,True,2.030471904049095,59.36494759784327,39.31973327698204,-20.045214320861227,False,False
6,0.0063340519623189895,8.0,0.003312148265153802,0.9437196831181733,1.7800095499860948,True,2.030471904049095,50.417171177046946,39.31973327698204,-11.097437900064904,False,False
94,0.0351902637738494,,,1.5679310722925341,3.423745621206058,True,1.007408586267523,26.24317567986816,15.739200080127759,-10.5039755997404,False,True
93,0.03411114472360992,,,5.085954983909156,3.2499635869559445,True,1.007408586267523,23.848026856700045,15.739200080127759,-8.108826776572286,False,True
79,0.028261993703745023,0.0,0.005585374492548293,0.27933395375091336,1.9207660239203876,True,1.083157659234884,33.196149023411024,33.81487491792109,0.6187258945100638,True,False
68,0.016923701468551027,0.0,0.005585374492548293,1.6033290094019872,0.395783836547648,False,0.8223040926343217,34.692369415163824,35.49081544544714,0.7984460302833156,True,False
67,0.015281838280975525,0.0,0.005585374492548293,1.2383381246940788,0.373290148808829,False,0.8223040926343217,33.009282862151906,35.49081544544714,2.481532583295234,True,False
66,0.013473751760759987,0.0,0.005585374492548293,0.6079408527615762,0.35674613273516825,False,0.8223040926343217,31.219330081261802,35.49081544544714,4.271485364185338,True,False
92,0.010819575471698113,,,0.493130295469317,0.17228019699691755,False,0.6144620788677504,42.657874181881624,36.59070233528228,-6.067171846599344,True,False
35,0.01599848331648127,,,2.93679112052606,3.803786574870912,True,1.2775934877613857,40.38681886607568,16.9350822397208,-23.45173662635488,False,True
33,0.015392852023910875,,,0.4733218588640276,2.997340610040932,True,0.6978462068581827,37.586234558392825,27.745658651718657,-9.840575906674168,False,True
32,0.015787841347912366,,,0.6880607689889647,2.957029119451627,True,0.8788605127497774,40.641072979183484,27.745658651718657,-12.895414327464827,False,True
31,0.014746577214728473,,,0.79163766654785,1.877144634220328,True,0.33024267911308514,35.685689995565866,28.072634882634958,-7.613055112930908,False,True
30,0.014053673449228647,,,4.195814210974209,6.904685685060327,True,2.3042490930856983,32.82270799790591,24.97644828837734,-7.846259709528567,False,True
29,0.014458886734079045,,,0.9305739342441237,5.821100359330607,True,1.9321311562277108,36.0527986030678,24.97644828837734,-11.076350314690458,False,True
28,0.01425008124453971,,,0.527317691110418,5.628226811976823,True,1.5492930495817006,35.11562077459109,24.97644828837734,-10.139172486213752,False,True
27,0.013887164885383952,,,0.7320217759935821,5.5687561655385975,True,1.5492930495817006,33.487226188462586,24.97644828837734,-8.510777900085245,False,True
16,0.008507148296914758,,,0.5154391880814612,2.768119796423393,True,1.4202616611138703,34.137220412075806,32.22455484908916,-1.9126655629866463,True,False
15,0.00901953596358577,,,0.5489077966413373,2.7963624041749036,True,1.4202616611138703,36.534833192659086,32.22455484908916,-4.310278343569927,True,False
9,0.006137391677807743,16.0,0.007576585058003353,0.7807467611060553,3.2512970094416644,True,1.3379704689197565,67.21402479229005,32.321947067116824,-34.89207772517322,False,False
8,0.006868338671913556,16.0,0.007576585058003353,0.8942257132664714,3.245132556262571,True,1.3379704689197565,70.03882146750452,32.321947067116824,-37.716874400387695,False,False
7,0.006597583742058128,16.0,0.007576585058003353,1.1320069086097735,3.270114771588026,True,1.3379704689197565,67.71055972189333,32.321947067116824,-35.38861265477651,False,False
6,0.007168145649938085,16.0,0.007576585058003353,0.7897181475195568,3.1266607309616163,True,1.3379704689197565,69.97624794258056,32.321947067116824,-37.65430087546373,False,False
5,0.007606791642385711,16.0,0.007576585058003353,1.2649100612749469,3.050619504225867,True,1.3379704689197565,71.62628370134503,32.321947067116824,-39.30433663422821,False,False
4,0.006593284854485588,16.0,0.007576585058003353,1.5817460827086707,2.943791882274688,True,1.3379704689197565,63.01412381986141,32.321947067116824,-30.692176752744587,False,False
9,0.007703054528057933,,,3.124484549289415,7.54837767780572,True,1.9247785473123757,31.74051119967625,16.213900849080588,-15.52661035059566,False,True
8,0.007235852369535717,,,0.6613997498452214,6.707684398077738,True,1.9247785473123757,30.338140267557705,16.213900849080588,-14.124239418477117,False,True
63,0.02069120037794043,0.0,0.002718861235210683,1.446546819974114,1.4195700267886702,False,0.9704967369445923,42.5321512769162,24.73480269240696,-17.797348584509244,False,True
56,0.013276446360899214,0.0,0.002718861235210683,3.642934843893914,0.8763346399417572,False,0.9704967369445923,31.637631839237656,24.73480269240696,-6.9028291468306975,True,True
7,0.006763196351544965,0.0,0.006455636821118544,0.6553522564813302,4.421822240261958,True,2.411182276243561,60.32448099828375,30.602237222558784,-29.722243775724962,False,False
9,0.00843965225245571,2.0,0.009267728660512968,0.6709988351061601,3.9164174008162296,True,1.064692492453321,41.10733874344564,24.660782658064065,-16.446556085381573,False,True
8,0.00845277147350606,2.0,0.009267728660512968,0.46646068117413153,4.273273086092282,True,1.064692492453321,41.18879993716719,24.660782658064065,-16.528017279103125,False,True
7,0.007022484316451693,2.0,0.009267728660512968,1.5189908351999333,4.482974844226246,True,1.064692492453321,35.44130150807797,24.660782658064065,-10.780518850013905,False,True
6,0.007754346538525024,2.0,0.009267728660512968,1.5512214934542616,4.545796849589512,True,1.064692492453321,40.04798604968906,24.660782658064065,-15.387203391624993,False,True
38,0.007419173675075615,0.0,0.005406483720084491,1.723000477928389,0.8806553891336024,False,0.8304154576138817,65.96435848927385,42.97037787869153,-22.99398061058232,False,False
37,0.007727800637983703,0.0,0.005406483720084491,0.6306352142039282,0.8306804503035788,False,0.8304154576138817,66.4987229116165,42.97037787869153,-23.528345032924967,False,False
36,0.00831670168067232,0.0,0.005406483720084491,0.4180543107454562,0.8318523284970866,False,0.8304154576138817,67.5466922752777,42.97037787869153,-24.576314396586177,False,False
35,0.007101652757839188,0.0,0.005406483720084491,0.9287693034817134,0.8867245684109648,False,0.8304154576138817,63.15948678052713,42.97037787869153,-20.189108901835603,False,False
9,0.008183000859709832,0.0,0.005406483720084491,0.7575299232385893,1.2012699793616535,False,1.029954075343398,60.36519249892093,34.356871928126154,-26.00832057079478,False,False
8,0.008112663231669731,0.0,0.005406483720084491,1.9522132971753472,1.2240513948572191,False,1.029954075343398,60.09068460838554,34.356871928126154,-25.733812680259383,False,False
7,0.007835557509506638,0.0,0.005406483720084491,0.7770886317191703,1.181567751424501,False,1.029954075343398,58.953661288390116,34.356871928126154,-24.596789360263962,False,False
6,0.0076217589348283625,0.0,0.005406483720084491,0.42377804028950344,1.2235272361801302,False,1.029954075343398,58.041586187208146,34.356871928126154,-23.684714259081993,False,False
88,0.010634499531652495,0.0,0.0,3.2046986363094065,0.6365918904696107,False,0.9196214117599726,61.114469681097944,38.23901525934961,-22.875454421748337,True,False
65,0.014866422118421168,2.0,0.0017753658403918988,0.783206624958225,2.3198965683273536,True,3.1322828484321055,62.03639847909905,31.1645455121689,-30.87185296693015,False,False
64,0.012739555389428803,2.0,0.0017753658403918988,0.7655924087913576,2.3109297236274413,True,3.1322828484321055,49.55204930844621,31.1645455121689,-18.387503796277308,False,False
60,0.011972191343320452,2.0,0.0017753658403918988,0.5390043662361319,0.7495097181101122,False,1.6187098647730513,48.84686343900181,32.13367824119598,-16.713185197805828,False,False
22,0.008144072500201856,,,0.7631606753237133,1.1749473594773092,False,1.6172947889885243,36.615003051614956,29.77622712852643,-6.8387759230885266,True,True
21,0.008305107022316778,,,0.5195842224822744,1.178565145798573,False,1.394758067131857,37.79310660275655,29.77622712852643,-8.016879474230123,True,True
20,0.008288068806090312,,,0.5230126429193933,1.1680276387351187,False,1.394758067131857,37.71322559316121,29.77622712852643,-7.936998464634783,True,True
19,0.007875565379482058,,,0.46182620191160356,1.1972485872758813,False,1.394758067131857,35.74426350039033,29.77622712852643,-5.968036371863903,True,True
6,0.008186337821340688,10.0,0.00679062319291849,2.689908536378507,0.7030110516217297,False,0.5842693728007075,27.774841593511766,25.93622835724375,-1.8386132362680172,True,True
5,0.005423674685969717,10.0,0.00679062319291849,1.4732286902126543,0.6244352742446798,False,0.5842693728007075,25.023436064587685,25.93622835724375,0.9127922926560643,True,True
95,0.016114832738480547,,,0.42377394108844213,5.142394809361591,True,1.4628060331469972,52.3538191116626,24.33773264876551,-28.016086462897093,False,True
95,0.01854215440160217,,,0.5217485810547028,5.2698076755323635,True,1.4628060331469972,54.98886364925386,24.33773264876551,-30.65113100048835,False,True
94,0.01839592992144238,,,1.447601561758036,5.40927011635388,True,1.4628060331469972,54.36841006109466,24.33773264876551,-30.030677412329148,False,True
95,0.019525047809242885,,,0.5866962214553303,5.505826442910063,True,1.4628060331469972,51.92059718226168,24.33773264876551,-27.58286453349617,False,True
94,0.018325742501680228,,,1.5892220950958404,5.714651689393825,True,1.4628060331469972,46.92636234430567,24.33773264876551,-22.588629695540163,False,True
93,0.01759693560546804,,,2.7008378988025807,5.745822550811619,True,1.4628060331469972,44.152416640533986,24.33773264876551,-19.814683991768476,False,True
92,0.016613938049182785,,,2.070769654412777,5.438166903002326,True,1.4628060331469972,40.666730155176005,24.33773264876551,-16.328997506410495,False,True
76,0.010129644801297863,0.0,0.00980639035480811,0.6404379230441838,5.630695724632957,True,1.1943934688699422,34.81559269761202,25.201059774889757,-9.614532922722262,True,True
75,0.009571289884844136,0.0,0.00980639035480811,1.1129310654568492,5.638317804627573,True,1.1943934688699422,32.560055032329544,25.201059774889757,-7.358995257439787,True,True
94,0.019205531910316216,,,0.8086892150897662,9.419982851735464,True,2.6554716341207976,57.336987361138036,35.66028530625597,-21.676702054882064,False,False
93,0.0188537291375977,,,0.5110499118785532,9.440560926378414,True,2.6554716341207976,55.73447778303782,35.66028530625597,-20.074192476781846,False,False
89,0.01994174141572662,,,0.8873770134661859,10.053576396332472,True,2.6554716341207976,58.1073335421638,35.66028530625597,-22.44704823590783,False,False
88,0.019805652333220184,,,1.2107383959720586,9.969732906528431,True,2.6554716341207976,57.53029049982161,35.66028530625597,-21.87000519356564,False,False
59,0.016973567027110833,,,7.031733178545789,1.7391339328501194,True,0.24397024346026344,31.77917228805805,30.421017135388624,-1.3581551526694255,True,False
58,0.012658846706816666,,,1.043446563635065,1.30688968361861,False,0.24397024346026344,26.336855039066492,30.421017135388624,4.084162096322132,True,False
56,0.012192006898538228,,,1.7768522843693058,0.9483796880582056,False,0.24397024346026344,31.67126399883152,30.421017135388624,-1.2502468634428965,True,False
55,0.01057792544191131,,,1.3224264967168038,0.878379244970506,False,0.24397024346026344,29.867021644580603,30.421017135388624,0.5539954908080205,True,False
54,0.012859934700099274,,,0.5748030614235131,0.832974242651158,False,0.24397024346026344,35.4681317482771,30.421017135388624,-5.047114612888478,True,False
28,0.012704433832016866,,,0.6402181300291009,1.1947439118724885,False,0.8158837001934741,56.15261582893392,33.90449949756345,-22.24811633137047,False,False
5,0.006764307553309767,,,1.3205853868571715,1.1430604179796937,False,0.7478908880414636,45.76551458171469,34.205005107291925,-11.560509474422766,True,False
9,0.006970770344125576,,,0.9892234604416111,3.007697110154787,True,3.1414966192487657,53.22299980053997,36.604699929947216,-16.61829987059275,True,False
8,0.007270037080910767,,,0.3678882524973569,2.9651801544992686,True,3.1414966192487657,53.96287241922064,36.604699929947216,-17.35817248927342,False,False
3,0.006544093601249901,,,1.4947547176658607,2.2854786350140417,True,3.1414966192487657,52.29858058384026,36.604699929947216,-15.693880653893046,False,False
91,0.012632241276341686,,,5.020671448074732,0.8202036183415401,False,0.47904374557496404,76.20261928997931,50.315336700804465,-25.887282589174845,False,False
72,0.013255982286182926,,,1.4292797877156747,4.4162308935519965,True,1.1022897766228317,56.21741675952656,31.979413979053632,-24.238002780472925,False,False
61,0.011265852550287116,,,1.562778032201979,5.706828413081944,True,27.100296533609928,57.7010287418102,36.69668543822091,-21.004343303589287,True,False
44,0.009848732324291976,,,0.29825284170832234,0.5909835601126298,False,0.20873969725558167,55.124542157638984,34.96296396705138,-20.161578190587605,False,False
42,0.009333923826395066,,,0.2040373114734351,0.6318965223493171,False,0.20873969725558167,52.939713462505715,34.96296396705138,-17.976749495454335,False,False
93,0.021492272111411106,,,1.0804124448935994,1.1498296012551992,False,0.48591255239681547,49.17101963097777,27.09114688711695,-22.079872743860818,False,True
79,0.010824918863761192,0.0,0.004598379627474539,1.263702213887371,1.3170037490051405,False,0.6125791666843655,61.591780057033084,32.07583386077556,-29.515946196257524,False,False
9,0.008013846212102427,0.0,0.004598379627474539,0.4533721058538853,12.768438217162526,True,3.3077400765542153,49.7987922779126,19.64351895064243,-30.155273327270166,False,True
8,0.00728311924536533,0.0,0.004598379627474539,0.5214301646334348,12.824129333532223,True,3.3077400765542153,44.54078191970975,19.64351895064243,-24.89726296906732,False,True
7,0.006652380956784984,0.0,0.004598379627474539,0.5983672504560337,13.050410750572093,True,3.3077400765542153,40.56487783895306,19.64351895064243,-20.92135888831063,False,True
5,0.006239718435481355,0.0,0.004598379627474539,1.2107546223704422,12.157403354054074,True,3.3077400765542153,40.472592958369965,19.64351895064243,-20.829074007727534,False,True
9,0.01271080856843223,2.0,0.0030157528301538884,0.7410353636714636,2.6122440965268128,True,0.8064138702638162,56.39894767902523,22.1513652500077,-34.24758242901753,False,True
8,0.01203990650850929,2.0,0.0030157528301538884,1.1369728329270836,2.7692463558415445,True,0.8064138702638162,53.470618869242834,22.1513652500077,-31.319253619235134,False,True
7,0.010588582880632441,2.0,0.0030157528301538884,2.610686029286772,2.920609048301318,True,0.8064138702638162,47.71181762335828,22.1513652500077,-25.56045237335058,False,True
6,0.010215575733340978,2.0,0.0030157528301538884,2.2590274899611407,2.710772762463002,True,0.8064138702638162,46.33319473612017,22.1513652500077,-24.18182948611247,False,True
5,0.009274566931946567,2.0,0.0030157528301538884,1.7854327472850715,2.55024718795394,True,0.8064138702638162,42.96484201762997,22.1513652500077,-20.81347676762227,False,True
4,0.008556276191279289,2.0,0.0030157528301538884,1.0088721297136287,2.4252251668006033,True,0.8064138702638162,40.54584419914623,22.1513652500077,-18.39447894913853,False,True
3,0.0076485256152673,2.0,0.0030157528301538884,1.3388945761122963,2.376981457578658,True,0.8064138702638162,37.66451193237125,22.1513652500077,-15.513146682363548,False,True
22,0.015046408663683302,4.0,0.005191685500344243,0.9579325987374862,15.925959004832936,True,1.9055966842764103,55.1324023628656,18.281542724971104,-36.850859637894494,False,True
21,0.015046408663683302,4.0,0.005191685500344243,0.6211623031668048,15.705264883210614,True,1.3910008949858672,55.1324023628656,18.281542724971104,-36.850859637894494,False,True
10,0.011283784467120939,4.0,0.005191685500344243,0.9389963585968507,6.678015948474621,True,1.3910008949858672,41.82698062966396,18.281542724971104,-23.545437904692854,False,True
9,0.011944204029055655,4.0,0.005191685500344243,1.1360677929656002,6.518352286888571,True,1.3910008949858672,45.06550448900297,18.281542724971104,-26.783961764031865,False,True
8,0.009100952665279102,4.0,0.005191685500344243,1.5137143154796595,6.247940313788066,True,1.3910008949858672,35.83618767237519,18.281542724971104,-17.554644947404086,False,True
7,0.009004160657595904,4.0,0.005191685500344243,0.8702798698429334,5.890316501138092,True,1.3910008949858672,35.56991493185369,18.281542724971104,-17.288372206882585,False,True
6,0.00780731019618853,4.0,0.005191685500344243,0.6579049174539334,5.86363703505192,True,1.3910008949858672,32.37115554688553,18.281542724971104,-14.089612821914429,False,True
5,0.007287074166795983,4.0,0.005191685500344243,0.6108009747124804,5.747869809536671,True,1.3910008949858672,31.065667762652282,18.281542724971104,-12.784125037681179,False,True
9,0.00913081008992885,4.0,0.018048073830613617,7.465802666643388,3.8726305657832425,True,0.8037088356455121,22.41201066644045,12.782953437099877,-9.629057229340575,False,True
8,0.008199486709206255,4.0,0.018048073830613617,0.9706926322864812,2.8545890004020396,True,0.8037088356455121,20.09842538751755,12.782953437099877,-7.315471950417674,False,True
7,0.007541614745444226,4.0,0.018048073830613617,2.2710674785563816,2.7996767609573445,True,0.8037088356455121,18.63720710196239,12.782953437099877,-5.854253664862512,False,True
6,0.007322735712566715,4.0,0.018048073830613617,0.8871298376406106,2.572359470809756,True,0.8037088356455121,18.164448966155234,12.782953437099877,-5.381495529055357,False,True
5,0.00835180707471929,4.0,0.018048073830613617,0.6272894760762683,2.5102868810567114,True,0.8037088356455121,27.485478063921335,12.782953437099877,-14.702524626821457,False,True
23,0.012180576137636895,,,0.981906475083562,2.524778406099054,True,0.48513107479348316,44.20769011545457,22.321191399468745,-21.886498715985823,False,True
21,0.01291196388261851,,,1.626674522732789,2.406463712731371,True,0.4997339777808613,48.734622692435785,22.321191399468745,-26.41343129296704,False,True
20,0.011126187245590231,,,1.4030373500289905,2.294241620469105,True,0.4997339777808613,39.772591501056134,22.321191399468745,-17.45140010158739,False,True
19,0.011006309222465734,,,3.279382799855438,2.2138525953550063,True,0.4997339777808613,39.2517715745831,22.321191399468745,-16.930580175114358,False,True
8,0.007137673821293811,,,0.7177291818585801,0.6866360337068275,False,0.4997339777808613,40.98116461231232,22.321191399468745,-18.659973212843575,True,True
7,0.00672360530619662,,,0.3056620963871106,0.674617993448442,False,0.4997339777808613,39.542668984300924,22.321191399468745,-17.22147758483218,True,True
41,0.00959553650874029,6.0,0.004036308710766166,10.271879919298943,2.01822718637847,True,1.282639624196814,23.406939667514678,21.517429143295132,-1.8895105242195456,False,True
9,0.008369863835295402,13.0,0.0004978705211946466,0.5225733491096495,0.9859664565352718,False,0.6772127826936319,36.32641146821754,22.91723383937554,-13.409177628842002,False,True
8,0.00727770339661997,13.0,0.0004978705211946466,0.7581732633198631,0.9739934400481042,False,0.6772127826936319,34.15748078506451,22.91723383937554,-11.240246945688966,False,True
7,0.006245542582633203,13.0,0.0004978705211946466,0.8968626169670736,0.9475070511333069,False,0.6772127826936319,32.204678056818906,22.91723383937554,-9.287444217443365,False,True
5,0.005128145254938871,13.0,0.0004978705211946466,0.7964327476211028,0.8752682990028892,False,0.6772127826936319,30.18860937089353,22.91723383937554,-7.2713755315179895,False,True
9,0.007858169872904925,13.0,0.003939750157905869,2.176954419272128,5.845358495057974,True,3.053690855021777,70.57855973998474,34.08367376392475,-36.49488597605999,False,False
82,0.015958764376219164,0.0,0.0029227473475456765,1.0554302763972851,6.131368186856737,True,2.169227006386361,55.7264558239472,21.075487745339643,-34.650968078607555,False,True
70,0.010473613154373793,0.0,0.0029227473475456765,1.12272174280472,5.505012378518945,True,2.169227006386361,39.513263678687984,21.075487745339643,-18.43777593334834,False,True
69,0.01134406618408878,0.0,0.0029227473475456765,0.7418177571630841,5.753692875906862,True,2.169227006386361,44.17645992895707,21.075487745339643,-23.10097218361743,False,True
68,0.010395727882589502,0.0,0.0029227473475456765,0.4369295072648777,5.7098828663011,True,2.169227006386361,40.512265401118526,21.075487745339643,-19.436777655778883,False,True
67,0.00973792172272331,0.0,0.0029227473475456765,0.41902168540915324,5.745020500427055,True,2.169227006386361,38.152212711398896,21.075487745339643,-17.076724966059253,False,True
8,0.011163216838856625,,,15.192002577503727,3.857807638338196,True,1.7176890053007532,61.33117043734355,35.847590940431374,-25.483579496912178,False,False
7,0.009324009324009348,,,1.9084134081436612,2.2218907536424015,True,1.7176890053007532,54.70097865002736,35.847590940431374,-18.853387709595985,False,False
4,0.007643482731950968,,,0.8202535585487878,1.5371562395787588,True,1.7176890053007532,50.435391467045434,35.847590940431374,-14.58780052661406,False,False
3,0.00945219044464459,,,0.8932380356900022,1.4969272963136555,False,1.7176890053007532,54.88668343687814,35.847590940431374,-19.039092496446763,False,False
66,0.009847418365555671,2.0,0.0003263602757049188,0.9343841958637403,3.064924439892801,True,0.7351961267474417,48.32664433522628,24.66869223581304,-23.657952099413237,False,True
65,0.009925797436638645,2.0,0.0003263602757049188,0.40450778717712954,3.1284997286036047,True,0.7351961267474417,48.81424717157098,24.66869223581304,-24.145554935757943,False,True
67,0.023420025589865487,,,2.1969359466951994,6.350613852855961,True,1.6882693806316331,39.50595294049214,29.70432523507526,-9.801627705416884,False,True
53,0.01983214918752132,0.0,0.0017486553090226612,0.8897818052881697,132.87798563137017,True,8.94626774379406,54.43060171922576,10.87554229815278,-43.55505942107298,False,True
52,0.019829580398076658,0.0,0.0017486553090226612,1.1008975253496271,132.89290186641006,True,8.94626774379406,54.40768143634437,10.87554229815278,-43.53213913819159,False,True
51,0.01939783254675756,0.0,0.0017486553090226612,0.6928960629056089,138.39032391712658,True,8.94626774379406,50.5560564682768,10.87554229815278,-39.68051417012402,False,True
50,0.018872197742716534,0.0,0.0017486553090226612,0.7903038949409004,143.2762458512253,True,8.94626774379406,46.26602404053051,10.87554229815278,-35.39048174237773,False,True
49,0.01814670328035547,0.0,0.0017486553090226612,0.7509812771282229,142.44966483616824,True,8.94626774379406,41.08991363746394,10.87554229815278,-30.214371339311157,False,True
48,0.018507438140875895,0.0,0.0017486553090226612,1.4330552811855843,160.2123229058398,True,8.94626774379406,44.41842081955443,10.87554229815278,-33.54287852140165,False,True
47,0.01814670328035547,0.0,0.0017486553090226612,0.4810242501215217,162.93455480004172,True,6.35257554467952,41.87068392013339,10.87554229815278,-30.995141621980608,False,True
46,0.01242560218004754,0.0,0.0017486553090226612,22.316797137327494,166.04527443444127,True,3.2460576996178796,21.215281901247778,10.87554229815278,-10.339739603094998,False,True
69,0.015498748106704532,,,1.4090339277558064,4.777806846644058,True,1.4349891567198967,51.65077723498856,24.126689531516988,-27.524087703471572,False,True
68,0.015332649055643688,,,0.7894672419942428,4.555542875952429,True,1.4349891567198967,50.545623915684025,24.126689531516988,-26.418934384167038,False,True
57,0.024313733935232142,0.0,0.007011374170480074,1.5826360315834265,2.516422885108611,True,2.3671814936415307,53.57014836181442,34.61423816910046,-18.955910192713958,True,False
56,0.024573678875463047,0.0,0.007011374170480074,0.40567404733997287,2.3944503292760757,True,2.3671814936415307,54.35843712542828,34.61423816910046,-19.74419895632782,True,False
55,0.025305506329737902,0.0,0.007011374170480074,0.48764452707555744,2.395724406905122,True,2.3671814936415307,56.59500186673745,34.61423816910046,-21.980763697636988,True,False
54,0.024776637171951183,0.0,0.007011374170480074,0.7066455926562905,2.392393963437656,True,2.164739361824741,54.515517286927086,34.61423816910046,-19.901279117826626,True,False
9,0.012314997992613439,0.0,0.007011374170480074,3.7665058737815533,2.949862937160617,True,0.738193297450863,22.084527366634234,10.223390301306836,-11.861137065327398,False,True
8,0.010476044874454877,0.0,0.007011374170480074,5.742590909613814,2.565494035224959,True,0.738193297450863,19.566973839114624,10.223390301306836,-9.343583537807788,False,True
7,0.010449029810949159,0.0,0.007011374170480074,0.9289105524686881,2.0394988066989477,True,0.738193297450863,19.531815081803032,10.223390301306836,-9.308424780496196,False,True
6,0.008383421380688205,0.0,0.007011374170480074,1.772451987463104,2.0045182189604573,True,0.738193297450863,17.01903739957673,10.223390301306836,-6.795647098269896,False,True
5,0.0073632378528483595,0.0,0.007011374170480074,2.847502820379014,1.8779568506642048,True,0.738193297450863,15.932234100612277,10.223390301306836,-5.708843799305441,False,True
19,0.00791229881744253,,,1.000889234543474,2.7070513399175637,True,2.454670436117848,60.239763174288804,35.1182373171151,-25.1215258571737,False,False
9,0.008415803291518247,,,0.6464814648240572,1.669799238171657,True,1.5491024007189633,55.47637771317484,28.857989773903697,-26.618387939271145,False,True
8,0.007230498563649122,,,0.5000428689471949,1.6611080555806197,True,1.5491024007189633,49.800385544519635,28.857989773903697,-20.94239577061594,False,True
7,0.0064320761271863145,,,0.4508283613614315,1.6730241979616745,True,1.5491024007189633,46.36597269934984,28.857989773903697,-17.507982925446143,False,True
7,0.0065306469799799515,,,0.5773649353682687,0.9764872968554136,False,0.5976277467968869,52.017783842826425,32.44569112941511,-19.572092713411315,False,False
9,0.008116167140486253,,,0.7107259425119259,1.3754094533035177,False,0.9634342031323299,60.68103713627704,29.239528178004534,-31.441508958272507,False,True
8,0.008807157456687547,,,0.4483655080210102,1.3804364936784814,False,0.9634342031323299,63.35440391242507,29.239528178004534,-34.114875734420536,False,True
7,0.009454966678200075,,,0.5105270682911386,1.4378190136745679,False,0.9634342031323299,65.71136861453186,29.239528178004534,-36.47184043652733,False,True
6,0.008077981140776288,,,1.2493563726271961,1.437923936789881,False,0.9634342031323299,57.283658347575376,29.239528178004534,-28.044130169570842,False,True
18,0.014818494713237611,2.0,0.005486906488527604,1.519885386970067,1.2499723243322574,False,2.051835901552104,86.85639659566823,39.21913066978846,-47.63726592587977,False,False
17,0.01661562256812486,2.0,0.005486906488527604,1.4988264720574394,1.1939255651310625,False,2.051835901552104,88.0186502239615,39.21913066978846,-48.79951955417304,False,False
16,0.01747718767932621,2.0,0.005486906488527604,0.9542666948988673,1.1568931587677793,False,2.051835901552104,88.5431197484846,39.21913066978846,-49.32398907869614,False,False
15,0.01748512866933915,2.0,0.005486906488527604,0.8655103354326064,1.1222164373259276,False,2.051835901552104,88.54809995624385,39.21913066978846,-49.32896928645538,False,False
9,0.009340661131701506,2.0,0.005486906488527604,1.9018869715231896,0.8963020089553055,False,2.051835901552104,55.78286984652106,39.21913066978846,-16.563739176732597,False,False
8,0.01122135082419497,2.0,0.005486906488527604,1.2633377169441424,0.8330788028364288,False,2.051835901552104,58.75681578611849,39.21913066978846,-19.537685116330024,False,False
7,0.005979758928958276,2.0,0.005486906488527604,0.7813284333073142,0.8155650320675623,False,2.051835901552104,48.915581109406205,39.21913066978846,-9.696450439617742,False,False
4,0.0087275318852952,2.0,0.005486906488527604,0.24950765278801554,0.8070077155419234,False,2.051835901552104,53.635438717887205,39.21913066978846,-14.416308048098742,False,False
3,0.010773985544631479,2.0,0.005486906488527604,0.2838613175643363,0.8293319616389403,False,2.051835901552104,57.070452789361966,39.21913066978846,-17.851322119573503,False,False
2,0.008019753989068625,2.0,0.005486906488527604,0.22878398203929964,0.8458132857921624,False,2.0209133760903737,51.54000771301987,39.21913066978846,-12.320877043231405,False,False
76,0.009549885328103285,14.0,0.0,0.6293245581103152,0.7603896781732348,False,0.9077328232551845,58.65276338448303,39.92790355417977,-18.72485983030326,False,False
8,0.014153021455031901,0.0,0.003103647642214548,1.8816283478313738,6.289248939247201,True,0.8292192062852318,39.384164825214924,19.68268736430484,-19.701477460910084,False,True
6,0.007231036138179916,0.0,0.003103647642214548,15.504614533785253,4.786818940893042,True,0.8292192062852318,22.28427201031367,19.68268736430484,-2.601584646008831,False,True
7,0.009509918601339689,0.0,0.006692673877535439,12.033911778936098,2.3149319009483285,True,1.0508865223462767,82.25285914416236,43.4086016130704,-38.844257531091955,False,False
6,0.006223227409321281,0.0,0.006692673877535439,5.1494672727652055,1.456136627021274,False,1.0508865223462767,64.69769448718753,43.4086016130704,-21.28909287411713,False,False
51,0.01970659467346728,,,0.6460422352564071,0.7466891068107125,False,0.511216408992596,31.523812864225235,28.315002733969806,-3.2088101302554293,True,True
32,0.00948402254558938,,,1.007474459096593,1.4157020555437392,False,3.5376112089109233,37.51485002429902,27.739803769496916,-9.775046254802106,False,True
9,0.006094442237396968,0.0,0.005759192383453686,0.7192042859463591,7.661672930917968,True,3.3423591479176107,45.24394990795645,26.420381154004275,-18.823568753952173,False,True
8,0.006357063925395227,0.0,0.005759192383453686,2.924114704452322,7.593766722869096,True,3.3423591479176107,46.87053302714084,26.420381154004275,-20.450151873136562,False,True
6,0.006234686520222718,0.0,0.005759192383453686,1.6366024594865547,5.810009848006328,True,3.3423591479176107,47.39005485070959,26.420381154004275,-20.969673696705314,False,True
18,0.008228870385740009,0.0,0.004970255512442803,0.39554307806871986,1.3207466739868703,False,5.910430261517244,59.57173598191663,38.46368221170167,-21.10805377021496,True,False
78,0.016803622527695232,,,0.6587345612177197,2.6963700383553193,True,2.994721578465766,56.13159488704229,31.024474925466535,-25.107119961575755,False,False
94,0.009634976622098317,,,1.2148476861386235,6.2779407169543875,True,1.7315880349190984,50.69088327621061,21.999127926407823,-28.69175534980279,False,True
35,0.019144123856208638,0.0,0.005316502195728789,2.473844120958172,0.8902795053171335,False,1.2325398850055929,32.17446178103636,27.49238191430851,-4.682079866727847,False,True
33,0.021379993267687865,0.0,0.005316502195728789,1.5465022899863203,0.7464780111549785,False,1.2325398850055929,41.710638284916925,27.49238191430851,-14.218256370608415,False,True
23,0.014411327629363712,0.0,0.005316502195728789,0.7452283360390041,3.492005060542779,True,3.2969482952938503,38.928182269847916,23.533342399066555,-15.394839870781361,False,True
9,0.011549173732747416,0.0,0.005316502195728789,0.363580749672515,5.19165943703724,True,1.824302585872722,43.0987964085373,23.533342399066555,-19.56545400947074,False,True
8,0.012352804880763858,0.0,0.005316502195728789,0.39499568287096015,5.392711234266418,True,1.824302585872722,45.909517817323206,23.533342399066555,-22.37617541825665,False,True
7,0.010288936336173535,0.0,0.005316502195728789,0.5905884994760184,5.73728334187224,True,1.824302585872722,40.39753547564193,23.533342399066555,-16.864193076575376,False,True
6,0.011684562202285472,0.0,0.005316502195728789,0.4464678922792928,5.931410651101593,True,1.824302585872722,45.186793254482346,23.533342399066555,-21.65345085541579,False,True
5,0.011088085468250757,0.0,0.005316502195728789,0.2707982924832862,7.5742569531929815,True,1.824302585872722,43.57395443504776,23.533342399066555,-20.040612035981205,False,True
4,0.011205642611490896,0.0,0.005316502195728789,0.4028830800599901,8.139548898894498,True,1.824302585872722,43.99800024833339,23.533342399066555,-20.464657849266835,False,True
3,0.008057904282366192,0.0,0.005316502195728789,3.5279713845175538,8.98296978962984,True,1.824302585872722,36.18130823438578,23.533342399066555,-12.647965835319226,False,True
2,0.007183081546956978,0.0,0.005316502195728789,0.7972017456765704,8.31336290972446,True,2.1397478653731348,34.36158164436894,23.533342399066555,-10.828239245302385,False,True
79,0.14669837959050755,0.0,0.09278229994444576,0.24831475330144798,5.3469144491586515,True,1.2025214585279425,43.742169824337296,19.4870142377611,-24.255155586576194,False,True
78,0.1468270977654829,0.0,0.09278229994444576,0.21605055779295937,5.433775686163808,True,1.2025214585279425,44.281227819674996,19.4870142377611,-24.794213581913894,False,True
77,0.14622255914225069,0.0,0.09278229994444576,0.1846071462262842,0.8932268740621487,False,0.8447356012073307,42.23545929260137,34.54509617845717,-7.690363114144198,False,False
76,0.14064231906391222,0.0,0.09278229994444576,6.220767161918258,3.338781905023292,True,3.3644852822002522,29.008945573229084,33.89758104678755,4.888635473558466,False,False
74,0.13859253581412695,0.0,0.09278229994444576,2.0987177645160364,0.6667787680000983,False,0.45020006617387365,28.960501606785357,29.936080076920405,0.9755784701350478,True,True
73,0.14009614074499938,0.0,0.09278229994444576,1.017178039553288,2.2382537691212683,True,1.554885421216514,34.332784055271745,26.98962105838939,-7.343162996882356,True,True
72,0.13662370465402807,0.0,0.09278229994444576,0.9504932522075519,2.1534203807651573,True,1.220685754181232,28.908123512563847,26.98962105838939,-1.9185024541744582,True,True
67,0.13397102763778937,0.0,0.09278229994444576,1.0232493084685277,1.6923919276635995,True,1.0259911118895753,36.89283001128889,26.98962105838939,-9.903208952899504,True,True
59,0.13099129249119051,0.0,0.09278229994444576,0.27702563383027323,0.2214132550714776,False,0.8005848127781461,40.006328497646955,29.7905031512297,-10.215825346417255,True,True
58,0.13041523979795874,0.0,0.09278229994444576,0.3530051850169252,0.219656288098483,False,0.6542408011389962,39.13716719193792,29.7905031512297,-9.34666404070822,False,True
57,0.13205450733752622,0.0,0.09278229994444576,0.48258685387156214,0.21690607328776987,False,0.6816097190190477,42.940822724772765,29.7905031512297,-13.150319573543065,False,True
56,0.13203849463050893,0.0,0.09278229994444576,0.3750330942778379,0.2126213208392044,False,0.6816097190190477,42.912558018413186,29.7905031512297,-13.122054867183486,False,True
33,0.1191209124154994,0.0,0.09278229994444576,0.28114932680992705,1.7255240825269793,True,0.3735734018767197,33.66131426849155,15.870442452868971,-17.79087181562258,False,True
32,0.11831125331370662,0.0,0.09278229994444576,0.5509956795557205,1.9779853714637532,True,0.3735734018767197,31.806777045070206,15.870442452868971,-15.936334592201234,False,True
31,0.11839987053141743,0.0,0.09278229994444576,0.413669466621755,2.1725099461302784,True,0.3735734018767197,32.24640175701789,15.870442452868971,-16.37595930414892,False,True
30,0.11830674687751834,0.0,0.09278229994444576,0.8022842276982199,2.2457815372414327,True,0.3735734018767197,32.012846560607315,15.870442452868971,-16.142404107738344,False,True
29,0.11710714989452461,0.0,0.09278229994444576,0.9579700639397161,2.6512406757382165,True,0.3735734018767197,29.093852616735262,15.870442452868971,-13.22341016386629,False,True
28,0.11666936922328523,0.0,0.09278229994444576,0.6232848774157896,10.07981709889992,True,19.130022335079566,28.089127456331298,27.08575927514387,-1.003368181187426,False,True
27,0.117203538947442,0.0,0.09278229994444576,0.8203033357961881,20.704456296346343,True,5.088208918108847,31.211032027265702,20.241569794185608,-10.969462233080094,False,True
26,0.11540709947711995,0.0,0.09278229994444576,2.041401322828607,23.050688126170108,True,3.615627344196636,26.975631139362235,20.241569794185608,-6.734061345176627,False,True
25,0.11367468450578072,0.0,0.09278229994444576,7.352197461242448,21.997944574223762,True,2.74214900663893,23.65513300306148,20.241569794185608,-3.413563208875871,False,True
9,0.11430722956003098,0.0,0.09278229994444576,0.24884181355579413,27.8523048526402,True,2.8528358714008797,46.641372569376706,8.630559012080298,-38.01081355729641,False,True
7,0.11517720819933075,0.0,0.09278229994444576,0.24576703104953496,28.545528508891504,True,2.8528358714008797,49.4988896742195,8.630559012080298,-40.8683306621392,False,True
6,0.11417533427305511,0.0,0.09278229994444576,0.4632713743448205,28.802459986770284,True,2.8528358714008797,46.59632766724917,8.630559012080298,-37.96576865516887,False,True
5,0.10258466714065237,0.0,0.09278229994444576,5.801049791080656,29.53101983303244,True,2.8528358714008797,27.08575927514387,8.630559012080298,-18.455200263063574,False,True
3,0.09999000013043308,0.0,0.09278229994444576,2.98836137723242,18.917720577320758,True,2.8528358714008797,33.097815997164204,8.630559012080298,-24.467256985083907,False,True
2,0.09506802126320207,0.0,0.09278229994444576,1.3610727740320594,18.554167125504055,True,2.5019296624168668,29.13853630598929,8.630559012080298,-20.507977293908993,False,True
45,0.022643073495169648,0.0,0.018654959334367515,0.3106592433462988,0.27883399118161284,False,0.816359226393135,50.4357011780841,45.36515078367029,-5.070550394413814,True,False
94,0.031062000582954084,,,0.695924986361636,0.47945981689667394,False,1.294537365993076,56.688276857213275,35.002501525533035,-21.68577533168024,False,False
95,0.03440594686210113,,,0.7976246798659933,0.5091238798098177,False,1.1697345427154011,58.53874386274453,35.002501525533035,-23.536242337211497,False,False
95,0.025768345673617424,,,0.641537967215998,0.39053852637717573,False,0.935494713572208,50.02956071318915,37.786841327372635,-12.242719385816514,False,False
95,0.02137929872210272,,,0.8880542662680111,0.6312772686652146,False,1.5040771214775328,44.673744433498456,37.09190008837462,-7.581844345123834,False,False
94,0.0216379045080371,,,1.2330009477847572,0.31956596278681376,False,0.6199500434404865,44.935240496524166,36.56057145920981,-8.374669037314355,False,False
84,0.01505455130324451,,,0.40486958953803803,0.4714357504136469,False,0.9881882099301733,40.936115054147685,36.56057145920981,-4.375543594937874,False,False
66,0.025703532556334754,,,1.4518464515203,0.9551594838704177,False,1.1516889294555377,63.8466800920648,41.075283303996834,-22.771396788067968,True,False
65,0.026261252109080334,,,1.5975881573042174,0.9210333923732327,False,0.8138193601156988,64.48889375089354,41.075283303996834,-23.413610446896705,True,False
64,0.025530406370092396,,,0.8049996158055452,0.8745814281116223,False,0.6299514380661132,62.91207161564576,41.075283303996834,-21.836788311648924,False,False
63,0.025820637773995233,,,0.4687611957213741,0.8646013818277903,False,0.6299514380661132,63.29570951835853,41.075283303996834,-22.220426214361694,False,False
62,0.022513678647121966,,,0.9955877137833059,0.8985782484751194,False,0.6299514380661132,56.18611768135318,41.075283303996834,-15.110834377356348,False,False
47,0.020263447932591487,,,0.7302581692483935,1.155913326622546,False,0.6299514380661132,55.874175683330314,41.075283303996834,-14.79889237933348,False,False
40,0.022195452331804366,,,2.46031462643822,1.817660274773655,True,1.6622759543223025,58.98360893887985,43.98193703114798,-15.001671907731868,True,False
39,0.02371361562225442,,,1.856522638416962,1.6939061288663522,True,1.6622759543223025,61.34037355220882,43.98193703114798,-17.35843652106084,True,False
38,0.020903079102694518,,,1.6349587235254934,1.6487907283628558,True,1.6622759543223025,55.04321856405526,43.98193703114798,-11.06128153290728,True,False
37,0.02136292287258597,,,1.0434729328145582,3.1226684826927382,True,3.658403542881832,55.840088576706805,33.06936174558841,-22.770726831118395,False,False
8,0.006365924366111838,,,1.43379229551389,0.6311948633952931,False,1.2160256918124852,34.938976900210946,27.7334305118724,-7.205546388338547,False,True
12,0.010663477161942615,0.0,0.011728241302132313,1.6720653332842297,2.3735873323350583,True,0.7395362129667982,31.22814414490304,16.804815286514895,-14.423328858388146,False,True
9,0.008644612968818945,0.0,0.011728241302132313,1.41322885827251,2.0598216248521877,True,0.7395362129667982,28.124145779751757,16.804815286514895,-11.319330493236862,False,True
8,0.008823026688841855,0.0,0.011728241302132313,1.0177158845069287,1.94246577682549,True,0.7395362129667982,29.02080932829675,16.804815286514895,-12.215994041781855,False,True
7,0.0078396084903141,0.0,0.011728241302132313,1.8327133838577248,1.861476108451772,True,0.7395362129667982,27.02142233580348,16.804815286514895,-10.216607049288584,False,True
6,0.006703021525617177,0.0,0.011728241302132313,0.7996277949777144,1.7180723949992343,True,0.7395362129667982,24.891518764411657,16.804815286514895,-8.086703477896762,False,True
5,0.006450893524902079,0.0,0.011728241302132313,0.6412701044170133,1.661942520375458,True,0.7395362129667982,24.43210057632089,16.804815286514895,-7.627285289805997,False,True
9,0.0060503287236454055,,,0.7853295912390584,0.9673138800669705,False,0.7585368070749349,30.79974822758983,29.566461266984945,-1.233286960604886,False,True
4,0.00911158122982594,,,1.556585018032111,1.4193064902875554,False,0.7318901078061183,74.84610109389989,54.98255126940261,-19.863549824497277,True,False
3,0.006507801201734,,,1.7172573722080606,1.7508780381013045,True,1.0340166813518634,63.563288713107035,44.37393855064078,-19.189350162466255,False,False
9,0.0099477858899016,,,1.199105205183625,7.409092646734682,True,3.080018629240355,35.84428901014823,18.538983131822533,-17.305305878325697,False,True
8,0.011502824583447981,,,0.8433137164706368,7.3632849104855,True,3.080018629240355,47.12684928596351,18.538983131822533,-28.587866154140976,False,True
7,0.010616922451176528,,,0.6197830522676342,7.300231823892256,True,3.080018629240355,42.53448461900042,18.538983131822533,-23.99550148717789,False,True
6,0.010125505730670262,,,0.6458196926236984,8.683784435175102,True,3.080018629240355,40.19772723064338,18.538983131822533,-21.658744098820847,False,True
3,0.007967856110509106,,,1.632816058616844,5.503567226799832,True,3.080018629240355,35.04465524010162,18.538983131822533,-16.505672108279086,False,True
11,0.012042675390703939,0.0,0.002252659560459164,0.837597140428487,1.0079851267190438,False,1.1530214401014907,64.02391748130495,37.646452026437494,-26.377465454867455,False,False
9,0.010049866946157901,0.0,0.002252659560459164,0.6663150204107015,0.9461603567898026,False,1.1530214401014907,58.122165520694004,37.646452026437494,-20.47571349425651,False,False
8,0.00864812647134332,0.0,0.002252659560459164,0.5625125914905681,0.9249602910055191,False,1.1530214401014907,54.48973634545038,37.646452026437494,-16.843284319012888,False,False
6,0.006178785182083068,0.0,0.002252659560459164,1.0982080532858842,0.9232325103023236,False,1.1530214401014907,48.43856255314816,37.646452026437494,-10.792110526710665,False,False
95,0.02999760461388221,,,1.3169655590267113,1.967798922998264,True,0.7156328621558236,18.712824951136213,11.29029065578436,-7.422534295351852,False,True
94,0.029889501598857032,,,0.9021808827982206,1.9074026642956237,True,0.7156328621558236,18.448034173128875,11.29029065578436,-7.157743517344514,False,True
95,0.03265767148346859,,,0.8723340682344166,1.972993711203323,True,0.7156328621558236,25.18115952336838,11.29029065578436,-13.890868867584018,False,True
9,0.010574239448456823,3.0,0.010775467266412111,4.481332272176645,4.479091240754261,True,1.0730397525796578,31.581874168523072,18.095268557302077,-13.486605611220995,False,True
8,0.0088708566427427,3.0,0.010775467266412111,2.801991542575694,3.9283228564623016,True,1.0730397525796578,27.663264057925176,18.095268557302077,-9.567995500623098,False,True
7,0.010453271771581344,3.0,0.010775467266412111,1.0999407727119037,3.723337661890071,True,1.0730397525796578,35.650214935213384,18.095268557302077,-17.554946377911307,False,True
6,0.0094924862773328,3.0,0.010775467266412111,0.8930755175522926,3.6608920350389025,True,1.0730397525796578,33.24831499040289,18.095268557302077,-15.153046433100812,False,True
5,0.009266934702132235,3.0,0.010775467266412111,0.648528562724256,3.6618943105400894,True,1.0730397525796578,32.692129405400706,18.095268557302077,-14.596860848098629,False,True
4,0.0073621512920286425,3.0,0.010775467266412111,3.1071104404062497,3.828918945355725,True,1.0730397525796578,28.38325659792359,18.095268557302077,-10.287988040621514,False,True
9,0.00604101072905857,0.0,0.01317475503643283,0.825414579077294,5.407596912489226,True,2.524841942325282,46.1289340743626,35.49338263466687,-10.635551439695725,False,False
8,0.00753483132534391,18.0,0.003323285091716457,0.6149819667012795,1.7013612218150238,True,1.0869200348621122,53.448994260377354,34.690377327392426,-18.75861693298493,False,False
7,0.00804084508538303,18.0,0.003323285091716457,0.7272319947804989,1.7857133564802747,True,1.0869200348621122,54.7728027936939,34.690377327392426,-20.082425466301473,False,False
6,0.009327271328917293,18.0,0.003323285091716457,0.6385358957753168,1.8107674475317754,True,1.0869200348621122,58.04522840338042,34.690377327392426,-23.354851075987995,False,False
5,0.00983408406949066,18.0,0.003323285091716457,0.7985328629901968,1.921091218984426,True,1.0869200348621122,59.297012774306964,34.690377327392426,-24.606635446914538,False,False
3,0.01089504603739474,18.0,0.003323285091716457,0.7887395512914148,2.0506350521897425,True,1.0869200348621122,60.501485992885954,34.690377327392426,-25.811108665493528,False,False
